,LEA CODE,LEA,Total Teachers,Leaving,Attrition Rate,ADM,Reduced,Free,Needy Perc,S:T Ratio,Total dropouts,Dropout Rate,Total #Acts committed,Acts per 1000 students,Total Expenditures (TOTALEXP) per Pupil (V33),Total Current Expenditures (TCURELSC) per Pupil (V33),Instructional Expenditures (E13) per Pupil (V33),American Indian/Alaska Native Students,Nat Amr Perc,Asian or Asian/Pacific Islander Students,Asian Perc,Hispanic Students,Hisp Perc,Black Students,Black Perc,White Students,White Perc,Hawaiian Nat./Pacific Isl. Students,Hawaiian Perc,Two or More Races Students,2 Plus perc,Total Revenue (TOTALREV) per Pupil (V33),Total Revenue - Federal Sources (TFEDREV) per Pupil (V33),Total Revenue - State Sources (TSTREV) per Pupil (V33),Total Revenue - Local Sources (TLOCREV) per Pupil (V33),Urban-centric Locale,Urban centric local number,groups
0,10,Alamance-Burlington,1491,210,14.08,22237,1437,11331,57.42,14.76,233,3.31,163,7.33,8055,7875,5169,96,0.43171291100000003,291,1.308629761,5203,23.39794037,4823,21.68907676,11648,52.38116652,30,0.134910285,781,3.512164411,7944,1108,5113,1724,41-Rural: Fringe,41,3
1,20,Alexander,338,34,10.06,5320,427,2431,53.72,15.74,42,2.49,57,10.71,8638,8317,5331,9,0.169172932,109,2.04887218,402,7.556390977,206,3.872180451,4502,84.62406015,0,0.0,157,2.95112782,8378,1123,5889,1366,41-Rural: Fringe,41,2
2,30,Alleghany,119,10,8.4,1392,170,812,70.55,11.5,13,2.97,7,5.03,11097,10667,6378,1,0.07183908,4,0.287356322,279,20.04310345,9,0.6465517239999999,1195,85.84770115,0,0.0,19,1.3649425290000001,10935,1160,7433,2342,43-Rural: Remote,43,2
3,40,Anson,256,46,17.97,3610,269,2588,79.14,15.56,46,4.06,15,4.16,10981,10618,6099,20,0.55401662,56,1.551246537,117,3.24099723,2126,58.89196676,1242,34.40443213,2,0.055401662000000004,88,2.43767313,11052,2505,7145,1402,42-Rural: Distant,42,4
4,50,Ashe,238,24,10.08,3167,377,1603,62.52,13.36,24,2.48,33,10.42,10340,9290,5706,5,0.157878118,16,0.505209978,289,9.125355226,15,0.473634354,2948,93.08493843,0,0.0,43,1.357751816,9868,1188,6495,2185,41-Rural: Fringe,41,2
5,761,Asheboro City,337,67,19.88,4694,314,3219,75.27,13.19,8,1.23,29,6.18,9277,8718,5557,17,0.362164465,75,1.597784406,1910,40.69024286,737,15.70089476,1944,41.41457179,3,0.06391137599999999,188,4.00511291,8875,1320,5572,1982,31-Town: Fringe,31,4
6,111,Asheville City,326,43,13.19,4081,156,1760,46.95,12.48,44,2.05,37,9.07,12162,11166,6794,10,0.24503798100000002,53,1.298701299,273,6.689536877999999,1093,26.78265131,2472,60.57338888,4,0.09801519199999999,290,7.106101446,12128,1556,5568,5005,13-City: Small,13,3
7,60,Avery,167,20,11.98,2134,224,1102,62.14,13.01,27,3.12,11,5.16,10623,10172,5835,2,0.093720712,10,0.468603561,202,9.46579194,6,0.281162137,1995,93.4864105,4,0.187441425,26,1.21836926,10547,1320,6673,2553,42-Rural: Distant,42,3
8,70,Beaufort,503,68,13.52,6980,444,4253,67.29,13.96,65,4.22,45,6.45,8866,8503,5160,13,0.186246418,19,0.272206304,1003,14.36962751,2367,33.91117479,3585,51.36103152,5,0.071633238,263,3.7679083089999996,8885,1232,5581,2073,41-Rural: Fringe,41,3
9,80,Bertie,184,49,26.63,2619,231,2088,88.55,14.16,108,3.09,6,2.29,10044,9740,5194,17,0.649102711,6,0.22909507399999998,61,2.329133257,2310,88.20160367,424,16.18938526,0,0.0,32,1.221840397,10255,1893,6688,1674,42-Rural: Distant,42,5
10,90,Bladen,358,55,15.36,4910,338,3588,79.96,14.7,243,2.84,36,7.33,9803,9486,5388,59,1.2016293279999999,10,0.20366598800000002,778,15.84521385,2089,42.54582485,2087,42.50509165,1,0.020366599,209,4.256619145,9800,1698,6416,1686,42-Rural: Distant,42,3
11,100,Brunswick,763,88,11.53,12201,1086,6616,63.13,15.16,33,2.53,84,6.89,9343,8925,5116,109,0.893369396,74,0.6065076629999999,1302,10.67125645,1989,16.30194246,8441,69.18285386,10,0.081960495,511,4.188181297,9517,1123,5290,3105,41-Rural: Fringe,41,2
12,110,Buncombe,1661,196,11.8,25370,2052,12151,55.98,15.17,65,1.53,285,11.23,8898,8513,5202,88,0.346866378,364,1.434765471,3306,13.03113914,1587,6.255419787,19357,76.29877808,52,0.20496649600000003,1070,4.217579819,9041,1250,5216,2575,21-Suburb: Large,21,3
13,120,Burke,838,76,9.07,12784,1240,7001,64.46,15.09,175,1.95,98,7.67,8716,8252,5215,24,0.18773466800000002,839,6.562891114,1446,11.31101377,724,5.663329161,9716,76.00125156,10,0.07822277799999999,584,4.568210263,8223,1240,5408,1574,41-Rural: Fringe,41,2
14,130,Cabarrus,1861,242,13.0,29721,1732,11030,42.94,15.68,44,2.98,153,5.15,7744,7421,4657,119,0.40039029600000003,857,2.8834830589999996,4164,14.01029575,5652,19.01685677,18508,62.27246728,32,0.107667979,1086,3.653982033,7668,797,4835,2035,13-City: Small,13,3
15,140,Caldwell,851,95,11.16,12224,1092,6275,60.27,14.59,77,1.93,69,5.65,8598,8225,5329,15,0.122709424,82,0.6708115179999999,1060,8.671465969,708,5.791884817000001,10019,81.96171466,2,0.016361257,500,4.090314136,8577,974,5860,1743,22-Suburb: Mid-size,22,2
16,150,Camden,123,12,9.76,1898,130,562,36.46,15.18,8,1.34,3,1.58,9074,8572,4993,8,0.42149631200000004,27,1.4225500530000001,48,2.528977871,240,12.64488936,1525,80.34773446,3,0.158061117,78,4.109589041,9067,921,6722,1424,41-Rural: Fringe,41,2
17,160,Carteret,606,61,10.07,8391,644,3046,43.98,12.91,43,1.59,54,6.44,9153,8727,5543,46,0.548206412,87,1.03682517,574,6.840662615,584,6.959837922,6904,82.27863187,16,0.190680491,490,5.839590037000001,9016,934,5460,2622,41-Rural: Fringe,41,2
18,170,Caswell,203,30,14.78,2777,233,1712,70.04,14.24,25,2.97,21,7.56,9658,9123,5563,5,0.180050414,7,0.25207058,173,6.229744328,1034,37.23442564,1553,55.92365862,0,0.0,102,3.673028448,9555,1217,7083,1255,42-Rural: Distant,42,3
19,180,Catawba,1057,120,11.35,16984,1412,7475,52.33,16.18,92,1.66,119,7.01,8208,7913,5027,32,0.18841262399999997,1150,6.771078662000001,2207,12.99458314,900,5.29910504,12262,72.19736222,11,0.064766839,694,4.086198775,8100,902,5211,1987,41-Rural: Fringe,41,2
20,681,Chapel Hill-Carrboro,940,165,17.55,12094,362,2914,27.09,12.84,45,3.72,77,6.37,12957,10677,6988,63,0.520919464,1860,15.37952704,1801,14.89168183,1480,12.23747313,6304,52.12502067,5,0.041342815,816,6.747147346,10768,660,4772,5336,13-City: Small,13,4
21,600,Charlotte-Mecklenburg,570,76,13.33,140161,8556,71080,56.82,16.28,9,0.98,1386,9.89,8852,8132,5072,679,0.48444289100000004,7520,5.365258524,27223,19.42266394,60282,43.00911095,45190,32.24149371,0,0.0,3584,2.557059382,8552,894,4926,2732,11-City: Large,11,3
22,190,Chatham,254,30,11.81,8073,436,3800,52.47,13.73,53,2.23,82,10.16,10099,9244,5703,21,0.260126347,76,0.941409637,2419,29.96407779,1044,12.93199554,4580,56.732317599999995,1,0.012386969,313,3.8771212680000002,9964,889,5334,3741,41-Rural: Fringe,41,3
23,220,Clay,100,9,9.0,1309,109,687,60.81,13.22,27,3.79,0,0.0,9921,9667,5904,4,0.305576776,3,0.229182582,58,4.430863254,12,0.916730328,1289,98.47211612,2,0.152788388,20,1.527883881,10012,883,7564,1566,43-Rural: Remote,43,2
24,230,Cleveland,1122,123,10.96,15329,976,8800,63.77,13.75,6,1.52,131,8.55,9674,8910,5736,18,0.11742449,129,0.841542175,777,5.068823798,4176,27.24248157,10133,66.10346402,3,0.019570748,715,4.664361667,9450,1402,5795,2253,41-Rural: Fringe,41,2
25,821,Clinton City,218,34,15.6,2979,219,1959,73.11,14.19,133,2.67,9,3.02,8699,8422,5057,96,3.222557905,36,1.208459215,656,22.02081235,1246,41.82611615,995,33.40046996,2,0.06713662299999999,113,3.7932192010000003,8648,1236,5436,1976,32-Town: Distant,32,3
26,240,Columbus,433,74,17.09,6259,480,4121,73.51,15.77,54,2.65,12,1.92,9421,8688,5252,380,6.0712573889999994,4,0.06390797299999999,572,9.13884007,2067,33.024444800000005,3420,54.6413165,4,0.06390797299999999,111,1.773446237,9194,1548,6391,1254,42-Rural: Distant,42,3
27,250,Craven,958,157,16.39,14581,1336,6888,56.4,15.38,28,3.64,74,5.08,8160,7995,4933,50,0.34291200899999996,513,3.51827721,1321,9.059735272000001,4376,30.01165901,8015,54.96879501,29,0.198888965,724,4.965365887,7869,1204,5143,1522,41-Rural: Fringe,41,3
28,260,Cumberland,3682,629,17.08,51189,4113,26597,59.99,14.02,101,2.33,522,10.2,8536,8097,5131,1007,1.96721952,919,1.7953075859999998,6085,11.88731954,23641,46.18375042,17508,34.20266073,206,0.40243021,3559,6.9526656120000006,8042,1240,4953,1849,12-City: Mid-size,12,3
29,270,Currituck,247,29,11.74,3816,235,1173,36.9,15.02,267,1.64,22,5.77,9616,9019,5252,8,0.209643606,16,0.419287212,172,4.507337526000001,204,5.34591195,3137,82.20649895,3,0.078616352,376,9.853249476,9438,814,5521,3103,42-Rural: Distant,42,3
30,280,Dare,384,31,8.07,4883,333,1880,45.32,12.33,22,1.84,35,7.17,10821,10559,6521,7,0.143354495,46,0.9420438259999999,617,12.63567479,151,3.092361253,4104,84.04669261,0,0.0,163,3.3381118169999997,10752,702,5641,4409,33-Town: Remote,33,2
31,290,Davidson,1218,128,10.51,19831,910,8192,45.9,16.47,10,0.68,144,7.26,7670,7188,4586,65,0.32776965399999997,212,1.069033332,1311,6.610861782000001,622,3.1365034539999996,17681,89.15838838,11,0.055468711,357,1.80021179,7615,808,5132,1675,41-Rural: Fringe,41,2
32,300,Davie,433,54,12.47,185,19,119,74.59,0.42,144,2.25,41,6.38,8527,8162,5268,16,8.648648649,42,22.7027027,791,427.5675676,401,216.7567568,5167,2792.972973,2,1.081081081,257,138.9189189,8328,862,5480,1987,41-Rural: Fringe,41,3
33,310,Duplin,612,107,17.48,6429,413,2559,46.23,10.0,28,3.46,52,5.58,9392,8620,5228,53,0.824389485,22,0.342199409,3489,54.26971535,2351,36.5686732,3440,53.50754394,3,0.046663555999999995,156,2.4265049,9302,1593,5913,1796,42-Rural: Distant,42,3
34,320,Durham,2287,461,20.16,9315,734,6309,75.61,3.9,36,4.85,351,10.88,11195,10267,6239,102,1.095008052,813,8.727858292999999,8078,86.72034353,16673,178.9908749,6404,68.74932904,37,0.39720880299999994,972,10.43478261,10443,1250,5252,3941,12-City: Mid-size,12,4
35,210,Edenton-Chowan,443,98,22.12,2220,156,1311,66.08,13.54,58,2.86,12,5.41,11066,10939,5894,2,0.09009009,10,0.45045045,118,5.315315315,989,44.54954955,1110,50.0,3,0.135135135,79,3.5585585589999997,10693,1356,7554,1783,42-Rural: Distant,42,4
36,330,Edgecombe,88,7,7.95,32263,1767,19486,65.87,81.89,57,2.18,53,8.03,9205,8583,4924,8,0.024796206,20,0.061990515,631,1.955800762,3972,12.31131637,2121,6.574094164,4,0.012398103,110,0.340947835,8982,1454,6197,1330,42-Rural: Distant,42,2
37,861,Elkin,3718,465,12.51,1194,63,452,43.13,3.07,322,3.21,0,0.0,9002,8756,5637,0,0.0,10,0.8375209379999999,227,19.01172529,41,3.433835846,913,76.46566164,0,0.0,37,3.0988274710000003,9276,981,5906,2388,32-Town: Distant,32,3
38,340,Forsyth-Winston Salem,573,116,20.24,6599,593,4792,81.6,74.99,86,4.04,393,7.45,9064,8477,5548,125,1.894226398,1234,18.699803,11736,177.84512800000002,15583,236.1418397,23070,349.598424,53,0.803151993,2080,31.51992726,8856,1035,5330,2491,12-City: Mid-size,12,4
39,350,Franklin,1852,251,13.55,52761,2845,26993,56.55,91.12,435,2.72,64,7.49,8540,8034,4873,36,0.068232217,40,0.07581357400000001,1264,2.3957089519999997,2651,5.024544645,4419,8.375504634,8,0.015162715,267,0.506055609,8546,877,5744,1926,41-Rural: Fringe,41,3
40,360,Gaston,138,20,14.49,8549,642,4630,61.67,4.49,117,4.31,109,3.52,8369,7534,4659,75,0.87729559,443,5.181892619,3110,36.378523799999996,6476,75.75154989,20466,239.39642059999997,16,0.187156393,1218,14.24728038,7737,1053,5066,1618,22-Suburb: Mid-size,22,3
41,370,Gates,88,9,10.23,30977,2096,16941,61.46,236.47,156,1.61,7,4.08,10868,10434,5765,5,0.016141008000000002,1,0.0032282020000000003,26,0.08393324099999999,646,2.085418214,1044,3.370242438,2,0.006456403,63,0.203376699,10878,1095,7575,2209,42-Rural: Distant,42,2
42,380,Graham,531,93,17.51,1718,188,784,56.58,19.75,10,1.69,0,0.0,11828,10572,5899,184,10.71012806,1,0.058207218,36,2.095459837,2,0.116414435,1010,58.78928987,1,0.058207218,10,0.582072177,11463,2262,7764,1437,43-Rural: Remote,43,3
43,390,Granville,212,48,22.64,1183,148,646,67.12,2.35,11,3.1,79,9.32,8724,8217,4826,30,2.5359256130000003,38,3.212172443,1087,91.88503804,2804,237.0245139,4355,368.1318681,4,0.338123415,337,28.48689772,8670,798,5693,2180,41-Rural: Fringe,41,4
44,400,Greene,4960,640,12.9,8479,640,4211,57.21,38.02,94,3.46,11,3.5,13194,10409,6424,3,0.035381531,4,0.047175374000000006,929,10.95648072,1282,15.11970751,1046,12.33636042,2,0.023587687000000003,41,0.483547588,13426,1832,7077,4517,42-Rural: Distant,42,3
45,410,Guilford,259,81,31.27,3147,189,2254,77.63,0.63,18,1.81,623,8.67,9836,9035,5518,421,13.37782015,4251,135.0810296,8930,283.7623133,30245,961.0740388,27428,871.5602161,113,3.590721322,2773,88.11566571,9254,1344,5146,2764,11-City: Large,11,6
46,420,Halifax,1232,221,17.94,71885,4740,37544,58.82,316.67,487,2.07,38,11.16,11298,11036,6574,217,0.301871044,6,0.008346665,106,0.147457745,3095,4.305487932,168,0.233706615,3,0.004173332,43,0.059817764,11478,3430,6734,1314,42-Rural: Distant,42,4
47,430,Harnett,524,56,10.7,978,57,784,85.99,0.71,29,3.11,136,6.78,7661,7284,4634,197,20.14314928,109,11.14519427,3537,361.6564417,5158,527.402863,10499,1073.517382,47,4.805725971,1022,104.49897750000001,7589,770,5548,1271,41-Rural: Fringe,41,2
48,440,Haywood,912,123,13.49,20065,1802,9978,58.71,38.44,20,2.19,68,9.12,8789,8577,5224,68,0.33889858,38,0.1893845,504,2.511836531,76,0.378769001,6794,33.85995515,3,0.014951408000000001,150,0.747570396,8515,1069,5115,2330,21-Suburb: Large,21,3
49,450,Henderson,222,41,18.47,7459,563,3583,55.58,8.1,12,3.32,100,7.51,8370,8121,5331,32,0.42901193200000004,168,2.2523126419999997,2689,36.0504089,501,6.716718059,9634,129.1594047,35,0.469231801,505,6.77034455,8162,1027,5239,1897,21-Suburb: Large,21,4
50,460,Hertford,300,51,17.0,13316,1023,6321,55.15,61.08,242,3.85,30,9.93,10763,10251,5780,21,0.157705017,16,0.120156203,79,0.5932712529999999,2508,18.83448483,511,3.837488735,1,0.007509763000000001,36,0.270351457,10548,1565,7241,1742,32-Town: Distant,32,3
51,181,Hickory Public,566,155,27.39,4305,279,2474,63.95,14.4,35,1.48,31,7.2,8590,8298,5229,8,0.18583043,186,4.320557491000001,936,21.74216028,978,22.71777003,2070,48.08362369,1,0.023228804,270,6.2717770029999995,8601,1335,5280,1986,13-City: Small,13,5
52,470,Hoke,72,19,26.39,3021,161,2369,83.75,5.5,64,1.52,52,6.5,8236,7982,4886,935,30.95001655,73,2.416418405,1483,49.0897054,3087,102.1847071,2311,76.49784839,11,0.364117842,504,16.68321748,8210,1167,6069,974,21-Suburb: Large,21,5
53,480,Hyde,1333,169,12.68,8006,705,4843,69.3,129.13,23,2.43,1,1.77,17562,17050,8948,0,0.0,0,0.0,96,1.199100674,167,2.085935548,318,3.972020984,2,0.024981264,17,0.212340744,17343,1747,12537,3060,43-Rural: Remote,43,3
54,490,Iredell-Statesville,248,43,17.34,565,24,361,68.14,0.43,50,2.32,159,7.5,8196,7692,4688,39,6.902654867000001,596,105.4867257,2383,421.76991150000003,2979,527.2566372,14896,2636.460177,17,3.008849558,490,86.72566372,8027,938,5102,1987,21-Suburb: Large,21,3
55,500,Jackson,2207,297,13.46,3580,327,1832,60.31,14.32,4,2.34,12,3.35,9208,8893,5226,371,10.36312849,43,1.2011173179999999,343,9.581005587,46,1.284916201,2789,77.90502793,6,0.167597765,64,1.7877094969999998,9491,1239,5703,2549,41-Rural: Fringe,41,3
56,510,Johnston,94,13,13.83,33195,1839,13065,44.9,14.48,120,1.68,176,5.3,8247,8094,5230,163,0.49103780700000005,218,0.65672541,6660,20.06326254,5409,16.29462268,20162,60.73806296,20,0.060250038,1079,3.250489532,7964,857,5302,1806,41-Rural: Fringe,41,3
57,520,Jones,383,45,11.75,1141,125,849,85.36,11.41,47,2.8,4,3.51,12218,11722,6540,9,0.78878177,5,0.438212095,86,7.537248028,541,47.41454864,561,49.16739702,0,0.0,30,2.629272568,12040,1277,8493,2270,42-Rural: Distant,42,3
58,132,Kannapolis,616,94,15.26,5429,300,3846,76.37,14.21,19,1.73,17,3.24,9736,9688,6028,10,0.184195985,92,1.6946030580000002,1297,23.89021919,1547,28.49511881,2245,41.35199853,3,0.055258795,317,5.83901271,8774,1758,5027,1988,22-Suburb: Mid-size,22,3
59,530,Lee,597,95,15.91,9767,665,5749,65.67,15.36,189,1.95,79,8.09,8641,8251,5296,70,0.716699089,64,0.6552677379999999,3140,32.14907341,2131,21.81836797,4295,43.97460838,7,0.071669909,287,2.9384662639999997,8588,1076,5594,1918,41-Rural: Fringe,41,3
60,540,Lenoir,226,41,18.14,9155,666,6021,73.04,15.76,16,5.11,60,6.64,8350,8198,4867,24,0.26215183,62,0.67722556,1082,11.81867832,4250,46.42271983,3698,40.39322774,6,0.06553795700000001,221,2.413981431,8485,1282,5811,1392,41-Rural: Fringe,41,4
61,291,Lexington City,786,77,9.8,3010,147,2485,87.44,13.74,93,3.14,3,1.0,9495,9116,5508,18,0.598006645,143,4.750830565,1046,34.75083056,1026,34.08637874,831,27.60797342,6,0.199335548,133,4.418604651,9441,1591,5815,2036,21-Suburb: Large,21,2
62,550,Lincoln,339,35,10.32,11571,838,4829,48.98,14.67,89,3.01,67,5.79,7928,7478,4471,23,0.19877279399999997,80,0.6913836309999999,1254,10.83743842,719,6.213810388,9475,81.88574885,4,0.034569182000000004,305,2.635900095,7769,871,4964,1934,41-Rural: Fringe,41,2
63,560,Macon,184,24,13.04,4272,418,2461,67.39,13.19,93,2.46,42,9.83,9983,8991,5412,18,0.421348315,28,0.655430712,617,14.4428839,35,0.81928839,3681,86.16573034,4,0.093632959,132,3.08988764,9010,1164,5775,2071,41-Rural: Fringe,41,3
64,570,Madison,272,41,15.07,2565,246,1358,62.53,13.43,12,0.9,20,7.8,9736,8810,5193,14,0.545808967,9,0.350877193,92,3.586744639,9,0.350877193,2447,95.39961014,1,0.038986355,29,1.130604288,9628,1164,6823,1642,42-Rural: Distant,42,3
65,580,Martin,451,58,12.86,3450,268,2238,72.64,13.32,20,2.35,5,1.45,10136,9790,5842,5,0.144927536,23,0.666666667,205,5.942028986,1846,53.50724638,1461,42.34782609,0,0.0,83,2.405797101,10187,1381,6809,1997,42-Rural: Distant,42,3
66,590,McDowell,8309,1329,15.99,6322,573,3960,71.7,14.4,35,3.67,16,2.53,9537,8852,5693,25,0.39544448,60,0.9490667509999999,733,11.59443214,203,3.211009174,5328,84.27712749,1,0.015817779,270,4.27080038,9105,1171,6110,1823,41-Rural: Fringe,41,3
67,610,Mitchell,157,14,8.92,1980,251,919,59.09,13.38,84,4.24,1,0.51,10205,9846,5727,2,0.10101010099999999,11,0.5555555560000001,148,7.474747475,3,0.151515152,1861,93.98989899,1,0.050505050999999995,18,0.9090909090000001,10021,1056,7368,1597,42-Rural: Distant,42,2
68,620,Montgomery,284,49,17.25,4131,361,2894,78.79,14.6,1232,3.02,40,9.68,9150,9024,5557,4,0.096828855,86,2.081820382,1369,33.13967562,855,20.69716776,1874,45.36431857,10,0.242072137,78,1.888162672,9240,1411,6081,1747,41-Rural: Fringe,41,3
69,630,Moore,806,117,14.52,12609,627,5302,47.02,15.14,24,3.61,96,7.61,8811,8620,5278,144,1.142041399,130,1.0310095959999999,1515,12.01522722,2310,18.32024744,8451,67.0235546,11,0.087239274,351,2.78372591,8531,995,5151,2386,42-Rural: Distant,42,3
70,491,Mooresville Graded,325,40,12.31,21199,1433,8005,44.52,59.88,27,2.21,39,6.79,8332,7766,4838,5,0.023586017999999997,136,0.641539695,466,2.198216897,850,4.009623095,4208,19.84999292,10,0.047172035999999994,198,0.9340063209999999,8467,582,4989,2896,21-Suburb: Large,21,3
71,862,Mount Airy City,116,12,10.34,1678,74,999,63.95,13.98,111,2.73,10,5.96,9234,9117,5574,1,0.059594756,26,1.5494636469999998,289,17.22288439,174,10.36948749,1194,71.15613826,0,0.0,59,3.5160905839999996,9571,1458,5903,2210,32-Town: Distant,32,2
72,640,Nash-Rocky Mount,1069,222,20.77,16452,1283,10027,68.75,17.37,200,3.79,90,5.56,9530,9312,6040,80,0.48626306799999996,136,0.8266472159999999,1762,10.70994408,8351,50.75978604,5758,34.99878434,12,0.07293946,671,4.078531486,9195,1265,5869,2062,41-Rural: Fringe,41,4
73,650,New Hanover,1597,165,10.33,25385,1509,11510,51.29,15.06,177,2.29,150,5.98,8858,8589,5148,124,0.488477447,400,1.5757337009999999,2551,10.04924168,5710,22.49359858,16057,63.25389009,39,0.153634036,955,3.762064211,8931,958,5214,2759,12-City: Mid-size,12,2
74,182,Newton Conover,199,38,19.1,2952,222,1873,70.97,14.4,16,2.17,14,4.74,9701,8555,5569,2,0.067750678,149,5.047425474,708,23.98373984,441,14.93902439,1542,52.23577236,2,0.067750678,181,6.131436314,9677,1155,5359,3163,22-Suburb: Mid-size,22,4
75,660,Northampton,171,60,35.09,2085,150,1726,89.98,13.45,162,2.32,19,9.11,11476,10984,6025,9,0.431654676,3,0.143884892,69,3.3093525180000003,1801,86.37889688,342,16.4028777,0,0.0,42,2.014388489,11354,1839,7595,1921,42-Rural: Distant,42,6
76,670,Onslow,1483,231,15.58,24994,2441,8716,44.64,15.73,54,2.28,84,3.41,7996,7743,4838,158,0.632151716,281,1.124269825,2918,11.67480195,4909,19.64071377,15412,61.66279907,96,0.384092182,1759,7.037689045,8123,1331,4815,1977,13-City: Small,13,3
77,680,Orange,534,78,14.61,7361,350,2732,41.87,13.17,23,0.6,43,5.84,10299,9921,6057,31,0.421138432,54,0.7335959790000001,1201,16.31571797,1243,16.88629262,4787,65.03192501,3,0.040755332000000005,247,3.355522348,10136,817,5440,3879,21-Suburb: Large,21,3
78,690,Pamlico,111,26,23.42,1271,120,696,64.2,12.22,14,2.78,15,11.8,11961,11402,6101,9,0.708103855,3,0.236034618,64,5.035405193,313,24.62627852,893,70.25963808,0,0.0,48,3.776553895,12296,1307,8112,2877,42-Rural: Distant,42,5
79,700,Pasquotank-Elizabeth City,439,76,17.31,5691,445,3208,64.19,10.7,23,1.37,43,7.56,9214,8761,5052,19,0.33386048100000004,47,0.825865402,319,5.605341768,2628,46.17817607,2763,48.55034265,8,0.140572834,213,3.742751713,8873,1140,5848,1886,41-Rural: Fringe,41,3
80,710,Pender,521,68,13.05,8459,723,4432,60.94,69.91,53,1.95,52,6.15,8343,8047,4779,41,0.48469086200000006,38,0.44922567700000005,1036,12.24731056,1509,17.83898806,5893,69.66544509,12,0.14186074,231,2.7308192460000003,8114,1123,5113,1879,41-Rural: Fringe,41,3
81,720,Perquimans,118,15,12.71,1788,147,990,63.59,5.75,11,2.08,14,7.83,9989,9741,5573,4,0.223713647,4,0.223713647,39,2.181208054,561,31.37583893,1185,66.27516779,0,0.0,55,3.07606264,9810,1304,6783,1723,43-Rural: Remote,43,3
82,730,Person,326,60,18.4,4842,315,2732,62.93,2.96,61,4.19,23,4.93,9230,8779,5512,25,0.516315572,5,0.103263114,423,8.73605948,1751,36.16274267,2519,52.02395704,4,0.08261049200000001,216,4.4609665430000005,9572,1186,5960,2426,42-Rural: Distant,42,4
83,740,Pitt,1629,294,18.05,23237,1041,12877,59.9,122.95,201,2.78,168,7.23,8472,8233,5479,50,0.21517407600000002,310,1.33407927,2340,10.07014675,11378,48.9650127,8969,38.59792572,8,0.034427852,736,3.167362396,8449,1255,5397,1796,13-City: Small,13,4
84,750,Polk,183,19,10.38,2283,171,1259,62.64,1.51,18,2.32,15,6.57,11280,10764,6431,5,0.21901007399999997,7,0.306614104,298,13.05300044,145,6.351292159,1906,83.48664039,0,0.0,79,3.460359177,11353,1353,6784,3216,42-Rural: Distant,42,2
85,760,Randolph,1184,137,11.57,18199,1339,8853,56.0,15.25,139,2.41,170,9.34,8059,7756,4845,116,0.637397659,227,1.2473212809999998,2690,14.78103192,700,3.846365185,14368,78.94939282,6,0.032968844,521,2.862794659,8029,991,5561,1477,41-Rural: Fringe,41,2
86,770,Richmond,490,84,17.14,7527,554,5258,77.22,15.14,30,2.31,25,3.32,9011,8460,5130,317,4.211505248,68,0.903414375,756,10.04384217,2902,38.554536999999996,3579,47.54882423,3,0.039856517,245,3.2549488510000004,8645,1360,5964,1321,32-Town: Distant,32,3
87,421,Roanoke Rapids City,185,17,9.19,3406,212,2971,93.45,17.93,60,2.47,19,6.31,8588,8198,4987,11,0.322959483,49,1.4386376980000002,139,4.08103347,789,23.16500294,2116,62.1256606,5,0.146799765,56,1.644157369,8606,1058,5705,1844,32-Town: Distant,32,2
88,780,Robeson,1505,273,18.14,23456,1651,18439,85.65,26.62,165,2.34,178,7.59,8810,8293,5111,10417,44.41081173,189,0.805763984,3097,13.20344475,6192,26.39836289,3779,16.11101637,18,0.076739427,959,4.088506139,8595,1587,5961,1047,32-Town: Distant,32,4
89,790,Rockingham,920,106,11.52,13179,878,6987,59.68,10.14,171,3.89,104,7.89,8733,8428,5044,48,0.364215798,59,0.44768191799999996,1556,11.80666211,2705,20.52507778,8549,64.86835116,12,0.09105394900000001,675,5.121784657,8546,1011,5837,1699,41-Rural: Fringe,41,2
90,800,Rowan-Salisbury,1371,191,13.93,19720,1462,11047,63.43,35.47,73,1.17,127,6.44,8795,8506,5284,56,0.283975659,228,1.156186613,2675,13.56490872,3758,19.05679513,12853,65.17748479,20,0.101419878,575,2.9158215010000004,8684,1177,5361,2146,41-Rural: Fringe,41,3
91,810,Rutherford,552,68,12.32,8753,681,5634,72.15,15.36,128,4.52,75,8.77,9158,8995,5478,39,0.44556152200000004,44,0.502684794,562,6.420655775,1133,12.94413344,6595,75.3455958,1,0.011424654,589,6.729121444,9369,1578,5798,1994,41-Rural: Fringe,41,3
92,820,Sampson,551,73,13.25,8521,643,5831,75.98,19.72,85,3.25,32,3.76,8337,8223,4933,75,0.880178383,18,0.211242812,2930,34.38563549,1805,21.18295975,3695,43.36345499,6,0.070414271,306,3.591127802,8170,1265,5668,1237,42-Rural: Distant,42,3
93,830,Scotland,465,110,23.66,6055,395,4498,80.81,9.98,19,2.29,45,7.43,10727,10310,6342,960,15.85466557,66,1.090008258,155,2.559867878,2881,47.58051197,1978,32.66721718,4,0.06606110700000001,232,3.831544178,10290,1642,6644,2004,32-Town: Distant,32,5
94,840,Stanly,634,77,12.15,8691,724,4093,55.43,18.45,83,4.22,86,9.9,8217,7984,5161,21,0.241629272,277,3.187205155,608,6.995742722,1143,13.15153607,6474,74.49085261,1,0.011506156000000002,303,3.486365205,8186,936,5743,1507,42-Rural: Distant,42,3
95,850,Stokes,490,54,11.02,6660,568,2862,51.5,12.27,110,4.04,41,6.16,9376,8705,5149,14,0.21021021,23,0.345345345,325,4.87987988,248,3.7237237239999996,6025,90.46546547,5,0.075075075,264,3.963963964,9270,1436,6041,1792,41-Rural: Fringe,41,2
96,860,Surry,561,41,7.31,8242,766,4698,66.29,59.29,44,1.9,93,11.28,8431,8243,5139,13,0.157728707,39,0.47318612,1777,21.560300899999998,210,2.547925261,6383,77.44479495,9,0.109196797,158,1.917010434,8339,1063,5698,1578,42-Rural: Distant,42,2
97,870,Swain,140,14,10.0,1932,254,1000,64.91,11.5,74,2.75,8,4.14,9873,9305,5278,494,25.56935818,8,0.414078675,92,4.7619047619999995,21,1.086956522,1388,71.8426501,2,0.10351966900000001,76,3.9337474119999998,10124,2485,6685,954,42-Rural: Distant,42,2
98,292,Thomasville City,178,37,20.79,2390,138,2031,90.75,8.75,4,1.07,10,4.18,10310,9593,5616,25,1.046025105,31,1.29707113,752,31.46443515,953,39.87447699,614,25.69037657,3,0.12552301300000002,148,6.192468619,9828,1686,5671,2471,22-Suburb: Mid-size,22,4
99,880,Transylvania,268,20,7.46,3537,294,1891,61.78,72.18,9,1.55,28,7.92,10214,9930,5976,11,0.310998021,33,0.932994063,209,5.908962398,178,5.032513429,2989,84.50664405,6,0.169635284,166,4.693242861,9985,1289,5565,3131,31-Town: Fringe,31,2
100,890,Tyrrell,52,8,15.38,550,68,362,78.18,0.21,19,3.04,1,1.82,14812,14391,7699,1,0.181818182,16,2.9090909089999997,105,19.09090909,201,36.54545455,239,43.45454545,0,0.0,39,7.090909091,14880,1754,11374,1752,43-Rural: Remote,43,3
101,900,Union,2480,356,14.35,40694,2311,12272,35.84,83.73,24,1.97,329,8.17,8233,7760,4864,100,0.24573647199999998,794,1.951147589,6056,14.88180076,5356,13.16164545,27389,67.30476237,16,0.039317836,948,2.3295817569999997,8013,645,4903,2465,21-Suburb: Large,21,3
102,910,Vance,520,118,22.69,6680,415,5471,88.11,0.66,3,2.1,55,8.23,9194,8873,5443,19,0.28443113800000003,39,0.583832335,936,14.01197605,4387,65.67365269,1571,23.51796407,1,0.01497006,185,2.769461078,9365,1629,6195,1541,32-Town: Distant,32,4
103,920,Wake,9670,1170,12.1,150526,7178,45238,34.82,923.47,169,1.38,1037,6.95,8456,7730,5040,515,0.342133585,9729,6.463335237999999,23491,15.60594183,36878,24.49942203,73927,49.11244569,91,0.060454672,6325,4.201931892,8056,645,5033,2379,21-Suburb: Large,21,3
104,930,Warren,179,46,25.7,2380,207,1839,85.97,21.06,102,4.67,22,9.24,11113,10635,6019,164,6.890756303,6,0.25210084,161,6.764705882,1660,69.74789916,429,18.02521008,1,0.042016807,48,2.016806723,10983,1899,7187,1897,43-Rural: Remote,43,5
105,940,Washington,129,36,27.91,1752,155,1370,87.04,4.94,870,1.95,12,7.08,10741,10528,5748,0,0.0,4,0.228310502,143,8.162100457000001,1238,70.66210046,396,22.60273973,0,0.0,35,1.997716895,10592,2142,7215,1235,41-Rural: Fringe,41,5
106,950,Watauga,361,42,11.63,4380,391,1420,41.35,3.6,33,4.1,42,9.59,9663,9284,6035,8,0.182648402,49,1.118721461,331,7.557077626,48,1.0958904109999998,3963,90.47945205,3,0.068493151,148,3.3789954339999997,9633,838,5735,3059,42-Rural: Distant,42,2
107,960,Wayne,1247,152,12.19,19019,1420,11071,65.68,257.01,16,2.91,83,4.36,8500,7764,5266,31,0.16299489999999997,203,1.067353699,3515,18.48151848,6826,35.89042536,8083,42.49960566,21,0.11041589999999998,1082,5.6890477939999995,8365,1471,5541,1353,41-Rural: Fringe,41,3
108,422,Weldon City,84,22,26.19,3012,219,1602,60.46,18.48,39,2.6,3,3.07,11925,11512,5868,4,0.132802125,5,0.166002656,9,0.298804781,1019,33.83134129999999,30,0.9960159359999999,0,0.0,12,0.398406375,11754,2252,7044,2459,32-Town: Distant,32,5
109,241,Whiteville City,151,16,10.6,2287,161,1502,72.72,3.62,230,4.0,11,4.81,9158,8810,5521,39,1.705290774,8,0.349803236,179,7.826847398,966,42.23874071,1032,45.1246174,2,0.087450809,91,3.9790118060000004,9409,1798,6202,1409,32-Town: Distant,32,2
110,970,Wilkes,620,64,10.32,9760,902,5649,67.12,13.07,67,2.22,79,8.09,8390,8090,4894,25,0.25614754100000003,27,0.276639344,1302,13.34016393,442,4.528688525,8280,84.83606557,1,0.010245902,307,3.145491803,8233,1055,5473,1704,41-Rural: Fringe,41,2
111,980,Wilson,755,100,13.25,12307,820,7246,65.54,3.22,127,3.43,120,9.75,8219,8011,4785,24,0.19501096899999998,150,1.218818559,1944,15.79588852,5690,46.23385065,4399,35.74388559,10,0.081254571,331,2.6895262860000004,8078,1167,5253,1657,42-Rural: Distant,42,3
112,990,Yadkin,403,44,10.92,5537,484,2752,58.44,14.69,39,2.15,49,8.85,8493,8213,5003,12,0.21672385800000002,18,0.325085787,1222,22.06971284,200,3.612064295,4301,77.67744266,6,0.10836192900000001,112,2.022756005,8483,878,5943,1662,42-Rural: Distant,42,2
113,995,Yancey,179,25,13.97,2253,252,1089,59.52,13.18,11,1.6,13,5.77,10177,9361,5410,8,0.355082113,5,0.22192632,251,11.14070129,19,0.843320018,2015,89.43630715,0,0.0,34,1.509098979,10095,1464,6845,1786,42-Rural: Distant,42,3
