LEA CODE,LEA,Total Teachers,Leaving,Attrition Rate,ADM,Reduced,Free,Needy Perc,S:T Ratio,Total dropouts,Dropout Rate,Total #Acts committed,Acts per 1000 students,Total Expenditures (TOTALEXP) per Pupil (V33),Total Current Expenditures (TCURELSC) per Pupil (V33),Instructional Expenditures (E13) per Pupil (V33),American Indian/Alaska Native Students,Nat Amr Perc,Asian or Asian/Pacific Islander Students,Asian Perc,Hispanic Students,Hisp Perc,Black Students,Black Perc,White Students,White Perc,Hawaiian Nat./Pacific Isl. Students,Hawaiian Perc,Two or More Races Students,2 Plus perc,Total Revenue (TOTALREV) per Pupil (V33),Total Revenue - Federal Sources (TFEDREV) per Pupil (V33),Total Revenue - State Sources (TSTREV) per Pupil (V33),Total Revenue - Local Sources (TLOCREV) per Pupil (V33),Urban-centric Locale,Urban centric local number
10,Alamance-Burlington,1508,172,11.41,22133,1295,10470,53.16,14.68,263,3.77,181,8.18,8489,7750,5103,91,0.41115077,299,1.35092396,4794,21.65996476,4903,22.15244205,12030,54.35322821,26,0.117471649,0,0,8659,1298,5016,2344,41-Rural: Fringe,41
20,Alexander,337,20,5.93,5450,476,2557,55.65,16.17,66,3.72,52,9.54,8164,7893,5186,7,0.128440367,122,2.23853211,390,7.155963303,215,3.944954128,4654,85.39449541,0,0,668,12.25688073,8504,1322,5576,1606,41-Rural: Fringe,41
30,Alleghany,132,8,6.06,1447,189,801,68.42,10.96,19,4.13,14,9.68,11392,10697,6463,2,0.138217001,3,0.207325501,215,14.85832757,17,1.174844506,1298,89.70283345,0,0,144,9.95162405,12048,1911,7128,3009,43-Rural: Remote,43
40,Anson,265,40,15.09,3755,2,2620,69.83,14.17,50,3.91,25,6.66,10221,9796,5562,22,0.585885486,75,1.997336884,128,3.408788282,2291,61.01198402,1229,32.72969374,3,0.079893475,13,0.34620506,10384,2071,6607,1706,41-Rural: Fringe,41
50,Ashe,252,22,8.73,3145,327,1622,61.97,12.48,34,3.54,29,9.22,10409,9202,5660,14,0.445151033,18,0.572337043,282,8.966613672,12,0.381558029,2930,93.16375199,1,0.031796502,11,0.349761526,10873,1556,6471,2846,43-Rural: Remote,43
761,Asheboro City,338,34,10.06,4565,325,2927,71.24,13.51,37,2.88,52,11.39,9389,8974,5500,21,0.460021906,67,1.467688938,1785,39.10186199,701,15.35596933,2067,45.27929901,2,0.04381161,0,0,9479,2303,5219,1957,32-Town: Distant,32
111,Asheville City,321,17,5.3,3855,182,1723,49.42,12.01,39,3.24,46,11.93,13405,12131,7085,6,0.155642023,44,1.141374838,265,6.874189364,1112,28.84565499,2156,55.92736706,0,0,197,5.110246433,12957,2268,5533,5156,13-City: Small,13
60,Avery,196,19,9.69,2120,243,1073,62.08,10.82,18,2.71,4,1.89,10925,10280,5882,4,0.188679245,8,0.377358491,173,8.160377358,4,0.188679245,2029,95.70754717,4,0.188679245,289,13.63207547,11611,1661,6573,3377,42-Rural: Distant,42
70,Beaufort,512,59,11.52,6904,464,4064,65.59,13.48,111,5.02,81,11.73,9642,9016,5488,15,0.217265353,20,0.289687138,881,12.76071842,2404,34.82039397,3641,52.73754345,0,0,17,0.246234067,9892,1653,5537,2702,42-Rural: Distant,42
80,Bertie,301,45,14.95,2730,226,1793,73.96,9.07,34,3.57,17,6.23,10287,9904,5394,18,0.659340659,18,0.659340659,42,1.538461538,2407,88.16849817,394,14.43223443,0,0,241,8.827838828,10744,2089,6941,1713,43-Rural: Remote,43
90,Bladen,430,31,7.21,5066,277,3563,75.8,11.78,90,5.36,27,5.33,9781,9288,5427,75,1.480457955,9,0.177654955,652,12.87011449,2220,43.82155547,2200,43.42676668,1,0.019739439,4,0.078957758,10221,2385,5996,1840,42-Rural: Distant,42
100,Brunswick,805,98,12.17,11969,911,6486,61.8,14.87,136,3.5,95,7.94,9678,8807,5261,108,0.902331022,67,0.55977943,1186,9.908931406,2094,17.49519592,8356,69.81368535,8,0.066839335,9,0.075194252,10402,1485,5079,3838,42-Rural: Distant,42
110,Buncombe,1639,141,8.6,25258,1777,11611,53,15.41,292,3.5,349,13.82,9962,8330,5173,82,0.324649616,348,1.377781297,2913,11.53297965,1524,6.033731887,19532,77.32995487,23,0.091060258,455,1.801409454,9865,1372,5204,3290,22-Suburb: Mid-size,22
120,Burke,732,42,5.74,13290,1297,6904,61.71,18.16,99,2.22,87,6.55,8321,7669,4832,34,0.255831452,928,6.982693755,1210,9.104589917,774,5.823927765,10305,77.53950339,25,0.188111362,1150,8.653122649,8761,1355,5317,2089,41-Rural: Fringe,41
130,Cabarrus,1890,176,9.31,28465,1618,9860,40.32,15.06,225,2.57,165,5.8,9081,7463,4737,105,0.368874056,624,2.192165818,3655,12.84033023,5134,18.03618479,18422,64.71807483,18,0.063235552,586,2.05866854,11923,1043,4611,6270,41-Rural: Fringe,41
140,Caldwell,903,58,6.42,12555,912,5967,54.79,13.9,167,4.02,92,7.33,8702,7917,5185,20,0.159299084,82,0.653126245,975,7.765830346,787,6.268418957,10450,83.23377141,3,0.023894863,1022,8.140183194,8965,1438,5656,1871,22-Suburb: Mid-size,22
150,Camden,132,2,1.52,1906,137,458,31.22,14.44,20,3.26,0,0,8906,8286,4863,8,0.419727177,17,0.891920252,47,2.465897167,265,13.90346275,1560,81.84679958,3,0.157397692,494,25.9181532,9461,888,6531,2042,42-Rural: Distant,42
160,Carteret,634,52,8.2,8342,609,3005,43.32,13.16,102,3.72,65,7.79,9555,8632,5546,45,0.539438983,91,1.0908655,458,5.490290098,639,7.660033565,6867,82.31838888,10,0.11987533,10,0.11987533,10416,1277,5031,4108,33-Town: Remote,33
170,Caswell,218,30,13.76,2880,206,1723,66.98,13.21,37,4.01,24,8.33,9730,9279,5944,5,0.173611111,7,0.243055556,196,6.805555556,1076,37.36111111,1604,55.69444444,0,0,30,1.041666667,10220,1654,6896,1670,42-Rural: Distant,42
180,Catawba,1087,93,8.56,17092,1167,7108,48.41,15.72,130,2.34,140,8.19,8777,7868,5094,40,0.234027615,1199,7.014977767,2030,11.87690147,971,5.68102036,12391,72.49590452,4,0.023402762,124,0.725485607,9503,1629,5024,2850,41-Rural: Fringe,41
681,Chapel Hill-Carrboro,924,99,10.71,11629,383,2354,23.54,12.59,44,1.19,49,4.21,11689,10696,7059,89,0.765328059,1679,14.43804282,1557,13.38894144,1402,12.05606673,6102,52.47226761,4,0.034396767,13,0.111789492,11385,1164,4751,5470,13-City: Small,13
600,Charlotte-Mecklenburg,8635,1215,14.07,134598,7505,62099,51.71,15.59,1404,3.57,1494,11.1,9782,8050,4998,534,0.39673695,6902,5.127862227,22258,16.53664988,55929,41.55262337,44623,33.15279573,0,0,7,0.005200672,10141,1322,4772,4047,11-City: Large,11
190,Chatham,588,63.5,10.8,7750,449,3477,50.66,13.18,92,3.97,54,6.97,10879,9284,5683,17,0.219354839,68,0.877419355,2160,27.87096774,1086,14.01290323,4429,57.1483871,0,0,11,0.141935484,11749,1422,5058,5269,42-Rural: Distant,42
200,Cherokee,271,24,8.86,3347,406,1865,67.85,12.35,30,2.57,5,1.49,10101,9215,5481,62,1.852405139,25,0.746937556,122,3.645055273,57,1.703017628,3245,96.95249477,1,0.029877502,0,0,10565,2036,6013,2516,43-Rural: Remote,43
220,Clay,99,4,4.04,1328,105,675,58.73,13.41,7,1.78,4,3.01,9715,9110,5901,3,0.225903614,3,0.225903614,41,3.087349398,14,1.054216867,1341,100.9789157,1,0.075301205,5,0.376506024,10113,1292,6945,1876,43-Rural: Remote,43
230,Cleveland,1136,105,9.24,15721,870,8538,59.84,13.84,250,4.81,149,9.48,10171,8705,5609,27,0.1717448,128,0.81419757,716,4.554417658,4313,27.43464156,10476,66.63698238,3,0.019082756,0,0,9752,1620,5562,2570,41-Rural: Fringe,41
821,Clinton City,242,28,11.57,3007,213,1922,71,12.43,21,2.64,16,5.32,8628,8400,5215,116,3.857665447,40,1.330229465,620,20.6185567,1256,41.76920519,998,33.18922514,3,0.09976721,754,25.07482541,8993,1779,5183,2030,32-Town: Distant,32
240,Columbus,452,61,13.5,6415,517,4352,75.9,14.19,74,3.46,18,2.81,9322,8671,5315,393,6.126266563,7,0.109119252,529,8.24629774,2282,35.57287607,3466,54.02961808,2,0.031176929,2,0.031176929,9487,2021,6135,1330,42-Rural: Distant,42
250,Craven,1000,121,12.1,14751,1313,6768,54.78,14.75,93,2.13,112,7.59,8093,7719,4844,58,0.393193682,378,2.562538133,1160,7.863873636,4484,30.39793912,8201,55.59623076,28,0.189817639,31,0.210155244,8553,1627,4931,1995,32-Town: Distant,32
260,Cumberland,3807,576,15.13,51631,3621,26135,57.63,13.56,516,3.12,524,10.15,8979,8168,5160,1028,1.991051887,834,1.615308632,5797,11.22775077,23802,46.10021111,18283,35.41089655,176,0.340880479,1,0.001936821,9411,1675,4903,2833,12-City: Mid-size,12
270,Currituck,283,35,12.37,3862,249,1105,35.06,13.65,48,3.73,39,10.1,9829,9051,5295,7,0.181253237,11,0.284826515,162,4.194717763,212,5.489383739,3090,80.01035733,2,0.051786639,3387,87.70067323,10159,1158,5210,3791,42-Rural: Distant,42
280,Dare,386,28,7.25,4823,315,1668,41.12,12.49,27,1.77,40,8.29,12466,10806,6538,10,0.20733983,44,0.912295252,520,10.78167116,145,3.006427535,4127,85.56914783,5,0.103669915,495,10.26332158,13844,1212,5382,7249,33-Town: Remote,33
290,Davidson,1242,123,9.9,20171,1325,7173,42.13,16.24,228,3.57,161,7.98,7767,6975,4525,70,0.347032869,199,0.98656487,1145,5.676466214,643,3.187744782,18274,90.59540925,11,0.054533737,143,0.708938575,7979,1078,4933,1968,41-Rural: Fringe,41
300,Davie,437,45,10.3,6492,372,2542,44.89,14.86,81,4.02,24,3.7,8122,7758,5043,14,0.215650031,35,0.539125077,771,11.87615527,407,6.269254467,5345,82.33210105,1,0.015403574,306,4.71349353,8928,1346,5156,2426,41-Rural: Fringe,41
310,Duplin,600,82,13.67,8945,659,5927,73.63,14.91,87,3.52,52,5.81,9055,8529,5254,47,0.525433203,15,0.167691448,3098,34.63387367,2428,27.14365567,3448,38.54667412,1,0.01117943,0,0,9458,1841,5923,1695,42-Rural: Distant,42
320,Durham,2238,405,18.1,31946,1665,18153,62.04,14.27,371,3.67,277,8.67,12223,9300,5611,103,0.322419082,741,2.319539222,6903,21.60833907,16890,52.87046892,6878,21.53008201,46,0.143992988,108,0.338070494,10373,1563,5017,3793,12-City: Mid-size,12
210,Edenton-Chowan,172,16,9.3,2288,152,1325,64.55,13.3,44,5.66,18,7.87,11099,10708,5875,3,0.131118881,2,0.087412587,101,4.414335664,1027,44.88636364,1197,52.31643357,2,0.087412587,8,0.34965035,11446,1751,7191,2504,42-Rural: Distant,42
330,Edgecombe,467,73,15.63,7088,528,5125,79.75,15.18,112,4.92,36,5.08,8513,8129,4867,8,0.112866817,16,0.225733634,601,8.479119639,4216,59.48081264,2514,35.46839729,3,0.042325056,61,0.860609481,8732,1437,5870,1425,42-Rural: Distant,42
861,Elkin,100,11,11,1177,48,434,40.95,11.77,12,3.07,5,4.25,11397,8557,5472,1,0.084961767,6,0.509770603,210,17.84197111,47,3.993203059,923,78.41971113,0,0,199,16.90739167,11867,1289,5657,4920,32-Town: Distant,32
340,Forsyth-Winston Salem,3998,470,11.76,51824,2630,24900,53.12,12.96,606,3.81,765,14.76,10434,8604,5719,145,0.279793146,1121,2.16309046,10633,20.51752084,15867,30.61708861,23372,45.09879592,41,0.079113924,285,0.549938253,11073,1318,4798,4957,12-City: Mid-size,12
350,Franklin,542,36,6.64,8478,595,4389,58.79,15.64,110,4.23,72,8.49,11500,7880,4816,35,0.412833215,30,0.353857042,1110,13.09271054,2696,31.79995282,4459,52.59495164,11,0.129747582,33,0.389242746,9576,1299,5371,2906,42-Rural: Distant,42
360,Gaston,1945,173,8.89,30900,1851,16356,58.92,15.89,450,4.46,127,4.11,8759,7592,4839,71,0.229773463,387,1.252427184,2918,9.443365696,6365,20.5987055,21433,69.36245955,18,0.058252427,8,0.025889968,8754,1524,4822,2408,22-Suburb: Mid-size,22
370,Gates,140,16,11.43,1804,154,791,52.38,12.89,18,2.94,3,1.66,10960,10208,5958,6,0.332594235,4,0.22172949,25,1.385809313,673,37.3059867,1097,60.80931264,1,0.055432373,1134,62.86031042,11503,1472,7220,2811,43-Rural: Remote,43
380,Graham,90,7,7.78,1191,145,615,63.81,13.23,8,2.14,2,1.68,10705,10017,5738,165,13.85390428,1,0.083963056,27,2.267002519,1,0.083963056,1049,88.07724601,0,0,0,0,11542,2579,7190,1772,43-Rural: Remote,43
390,Granville,569,77,13.53,8545,589,3749,50.77,15.02,150,5.34,58,6.79,9909,8109,4988,30,0.351082504,38,0.444704506,1022,11.96021065,2868,33.56348742,4499,52.65067291,8,0.093622001,2,0.0234055,9486,1368,5570,2549,42-Rural: Distant,42
400,Greene,216,24,11.11,3191,180,2306,77.91,14.77,25,2.56,20,6.27,10182,9744,5993,3,0.094014416,7,0.21936697,850,26.63741774,1352,42.36916327,1086,34.03321843,2,0.062676277,5,0.156690693,11043,2006,6817,2220,42-Rural: Distant,42
410,Guilford,4923,496,10.08,71227,5442,33064,54.06,14.47,625,2.71,700,9.83,10311,8684,5339,1310,1.839190195,3936,5.525994356,5962,8.370421329,30024,42.15255451,29050,40.78509554,124,0.174091286,17,0.023867354,10863,1312,4795,4756,11-City: Large,11
420,Halifax,261,59,22.61,3823,220,3224,90.09,14.65,45,3.68,18,4.71,10523,9968,5924,232,6.068532566,4,0.104629872,91,2.380329584,3522,92.12660214,184,4.812974104,10,0.26157468,7,0.183102276,11426,3217,6202,2007,42-Rural: Distant,42
430,Harnett,1278,182,14.24,19211,1821,8961,56.12,15.03,270,4.48,184,9.58,8088,7182,4602,218,1.13476654,86,0.447660195,3073,15.99604393,4997,26.01113945,10517,54.74467753,34,0.176981937,2,0.010410702,8820,596,5250,2974,41-Rural: Fringe,41
440,Haywood,551,44,7.99,7582,516,3590,54.15,13.76,68,2.81,79,10.42,8925,8502,5227,76,1.002374044,31,0.408863097,447,5.895542073,78,1.028752308,7042,92.87786864,4,0.052756529,779,10.27433395,9250,1370,5158,2722,22-Suburb: Mid-size,22
450,Henderson,914,87,9.52,13177,934,6084,53.26,14.42,92,2.28,41,3.11,8813,8199,5519,33,0.250436366,173,1.312893678,2432,18.45640131,503,3.817257342,9757,74.04568566,29,0.220080443,2,0.015177962,9530,1532,5121,2877,41-Rural: Fringe,41
460,Hertford,231,21,9.09,3095,222,2348,83.04,13.4,23,2.32,13,4.2,10190,9891,5690,22,0.71082391,17,0.549273021,71,2.294022617,2638,85.23424879,510,16.47819063,1,0.032310178,545,17.60904685,10626,1883,6839,1905,33-Town: Remote,33
181,Hickory Public,311,39,12.54,4238,254,2357,61.61,13.63,49,4.1,23,5.43,8944,8212,5136,9,0.212364323,213,5.025955639,850,20.05663049,970,22.88815479,2093,49.38650307,1,0.023596036,43,1.014629542,9286,1798,5187,2301,13-City: Small,13
470,Hoke,546,113,20.7,7945,601,4765,67.54,14.55,69,3.31,57,7.17,8726,8129,5123,927,11.66771554,65,0.818124607,1427,17.96098175,3037,38.22529893,2286,28.77281309,12,0.151038389,8,0.100692259,8910,1654,5906,1349,31-Town: Fringe,31
480,Hyde,70,7,10,575,44,329,64.87,8.21,3,1.76,6,10.44,18857,18435,10197,0,0,0,0,90,15.65217391,187,32.52173913,316,54.95652174,0,0,0,0,19066,2954,12795,3317,43-Rural: Remote,43
490,Iredell-Statesville,1162,114,9.81,21130,1273,7670,42.32,18.18,159,2.27,111,5.25,8668,7509,4642,44,0.208234737,573,2.711784193,2149,10.17037388,2992,14.15996214,14898,70.50638902,11,0.052058684,16,0.075721723,9285,1128,4862,3295,41-Rural: Fringe,41
500,Jackson,252,32,12.7,3553,354,1580,54.43,14.1,22,2.11,12,3.38,10045,9069,5547,383,10.77962285,40,1.125809175,293,8.246552209,43,1.210244863,2836,79.81987053,7,0.197016606,726,20.43343653,11028,1872,5654,3503,41-Rural: Fringe,41
510,Johnston,2156,186,8.63,31982,1537,12778,44.76,14.83,303,3.28,224,7,9246,8237,5185,158,0.494027891,189,0.590957414,5451,17.04396223,5397,16.87511725,20226,63.24182353,22,0.068788694,42,0.13132387,12576,899,5114,6563,41-Rural: Fringe,41
520,Jones,109,15.5,14.22,1138,127,815,82.78,10.44,16,4.42,11,9.67,11906,11578,6652,7,0.615114236,4,0.351493849,59,5.184534271,606,53.2513181,547,48.06678383,2,0.175746924,1011,88.8400703,12116,1858,8288,1970,42-Rural: Distant,42
132,Kannapolis,403,37,9.18,5119,317,3276,70.19,12.7,81,5.57,35,6.84,9974,8971,5909,6,0.117210393,72,1.406524712,1149,22.44579019,1448,28.28677476,2279,44.52041414,1,0.019535065,26,0.507911702,9080,1877,5098,2106,22-Suburb: Mid-size,22
530,Lee,600,84,14,9565,678,5261,62.09,15.94,140,4.72,54,5.65,9144,8427,5492,67,0.700470465,60,0.627286984,2955,30.89388395,2118,22.14323053,4379,45.78149503,4,0.041819132,51,0.533193936,9567,1479,5328,2760,41-Rural: Fringe,41
540,Lenoir,602,85,14.12,9128,822,4997,63.75,15.16,109,3.52,49,5.37,8870,8173,4924,30,0.328659071,45,0.492988606,981,10.74715162,4301,47.11875548,3788,41.49868536,5,0.054776512,251,2.749780894,9473,1543,5635,2295,41-Rural: Fringe,41
291,Lexington City,253,39,15.42,2920,191,2164,80.65,11.54,57,6.53,7,2.4,11141,10154,6312,18,0.616438356,165,5.650684932,945,32.3630137,1049,35.92465753,784,26.84931507,2,0.068493151,243,8.321917808,10642,2758,5626,2259,32-Town: Distant,32
550,Lincoln,790,58,7.34,11674,879,4765,48.35,14.78,132,3.39,107,9.17,9280,7907,5011,22,0.188452972,66,0.565358917,1245,10.66472503,722,6.184683913,9655,82.70515676,4,0.034264177,33,0.282679459,12521,1296,5000,6224,41-Rural: Fringe,41
560,Macon,347,25,7.2,4272,329,2331,62.27,12.31,55,4,37,8.66,11508,9364,5711,15,0.351123596,25,0.585205993,517,12.10205993,45,1.053370787,3618,84.69101124,4,0.093632959,0,0,10688,1905,5637,3145,41-Rural: Fringe,41
570,Madison,197,17,8.63,2550,198,1385,62.08,12.94,21,2.64,9,3.53,10330,9327,5547,12,0.470588235,12,0.470588235,80,3.137254902,5,0.196078431,2445,95.88235294,0,0,115,4.509803922,10263,1568,6667,2028,42-Rural: Distant,42
580,Martin,300,29,9.67,3745,281,2246,67.48,12.48,42,3.79,25,6.68,10162,9624,5806,5,0.133511348,21,0.560747664,163,4.35246996,1945,51.93591455,1685,44.99332443,1,0.02670227,11,0.293724967,10397,1710,6788,1899,42-Rural: Distant,42
590,McDowell,456,38,8.33,6300,518,3777,68.17,13.82,79,4.03,25,3.97,8752,8158,5282,33,0.523809524,80,1.26984127,717,11.38095238,197,3.126984127,5433,86.23809524,2,0.031746032,1,0.015873016,8629,1353,5502,1774,32-Town: Distant,32
610,Mitchell,177,14,7.91,2055,255,924,57.37,11.61,26,3.83,10,4.87,11087,10701,6470,3,0.145985401,13,0.632603406,137,6.666666667,7,0.340632603,1915,93.18734793,1,0.0486618,10,0.486618005,11181,1601,7430,2150,42-Rural: Distant,42
620,Montgomery,358,48,13.41,4104,304,2834,76.46,11.46,40,3.13,39,9.5,9168,8779,5569,7,0.170565302,78,1.900584795,1286,31.33528265,924,22.51461988,1969,47.97758285,5,0.121832359,12,0.292397661,9506,1773,5826,1907,42-Rural: Distant,42
630,Moore,826,95,11.5,12378,680,5015,46.01,14.99,96,2.4,103,8.32,8581,8036,5042,133,1.074486993,112,0.904831152,1323,10.68831798,2414,19.50234287,8457,68.32283083,10,0.080788496,56,0.452415576,9181,1320,4791,3070,42-Rural: Distant,42
491,Mooresville Graded,335,18,5.37,5420,301,1908,40.76,16.18,43,2.65,28,5.17,8184,7725,4784,11,0.20295203,105,1.937269373,374,6.900369004,852,15.7195572,4039,74.5202952,12,0.221402214,298,5.498154982,8215,953,4633,2629,31-Town: Fringe,31
862,Mount Airy City,110,13,11.82,1607,106,874,60.98,14.61,17,3.2,18,11.2,10265,9327,5712,0,0,31,1.929060361,255,15.86807716,169,10.51649035,1146,71.3130056,2,0.124455507,150,9.334163037,10548,1987,5641,2920,32-Town: Distant,32
640,Nash-Rocky Mount,1083,111.5,10.3,16802,1102,9785,64.8,15.51,243,4.47,87,5.18,10376,8539,5362,82,0.488037138,117,0.696345673,1688,10.04642304,8674,51.62480657,6056,36.04332818,11,0.065468397,15,0.089275086,10166,1540,5357,3269,41-Rural: Fringe,41
650,New Hanover,1555,132,8.49,24060,1170,9773,45.48,15.47,295,3.83,174,7.23,9657,8759,5241,117,0.486284289,383,1.591853699,2014,8.370739817,5808,24.13965087,15605,64.85868662,27,0.112219451,14,0.058187864,10333,1459,4957,3917,12-City: Mid-size,12
182,Newton Conover,201,17,8.46,2886,249,1607,64.31,14.36,45,4.54,30,10.4,9427,8199,5344,1,0.034650035,141,4.885654886,639,22.14137214,463,16.04296604,1570,54.4005544,1,0.034650035,852,29.52182952,9867,1632,5011,3223,22-Suburb: Mid-size,22
660,Northampton,195,30,15.38,2328,209,1981,94.07,11.94,26,3.72,13,5.58,12076,10728,6378,5,0.214776632,6,0.257731959,53,2.276632302,1980,85.05154639,419,17.99828179,1,0.042955326,179,7.689003436,12585,2177,7916,2493,42-Rural: Distant,42
670,Onslow,1438,205,14.26,23365,2366,7770,43.38,16.25,191,2.84,130,5.56,8369,7778,4892,199,0.851701263,248,1.061416649,2370,10.14337685,4775,20.4365504,14811,63.38968543,65,0.27819388,28,0.119837364,9066,1721,4805,2540,41-Rural: Fringe,41
680,Orange,518,44,8.49,7132,286,2554,39.82,13.77,54,2.37,76,10.66,11897,9781,6073,28,0.392596747,45,0.630959058,896,12.56309591,1224,17.16208637,4790,67.16208637,7,0.098149187,1422,19.93830623,18502,1164,5529,11809,41-Rural: Fringe,41
690,Pamlico,121,29,23.97,1391,107,785,64.13,11.5,8,1.48,6,4.31,12005,10460,5704,9,0.647016535,9,0.647016535,47,3.378864127,375,26.95902229,993,71.38749101,1,0.071890726,7,0.503235083,12822,1987,7330,3504,43-Rural: Remote,43
710,Pender,558,70,12.54,8156,675,4182,59.55,14.62,83,3.16,25,3.07,9157,8018,4767,38,0.465914664,24,0.294261893,875,10.72829819,1629,19.97302599,5681,69.65424228,7,0.085826385,49,0.600784698,10454,1587,4811,4055,42-Rural: Distant,42
720,Perquimans,122,10.5,8.61,1720,155,1010,67.73,14.1,19,3.39,3,1.74,10088,9763,5380,5,0.290697674,4,0.23255814,34,1.976744186,592,34.41860465,1157,67.26744186,0,0,196,11.39534884,10138,2029,6492,1616,42-Rural: Distant,42
730,Person,377,59,15.65,4926,350,2457,56.98,13.07,89,5.47,37,7.51,9266,8613,5526,20,0.406008932,9,0.182704019,402,8.160779537,1818,36.90621194,2746,55.74502639,2,0.040600893,40,0.812017864,10200,1535,5570,3095,32-Town: Distant,32
740,Pitt,1595,220,13.79,22971,1054,12484,58.94,14.4,318,4.31,306,13.32,9833,8251,5440,54,0.235079013,289,1.258108049,2088,9.089721823,11425,49.73662444,9174,39.93731226,7,0.030473205,28,0.121892821,8669,1490,5321,1857,41-Rural: Fringe,41
750,Polk,193,17,8.81,2331,213,1106,56.59,12.08,26,3.25,3,1.29,10441,10070,6099,8,0.343200343,5,0.214500215,268,11.4972115,151,6.477906478,1991,85.41398541,0,0,593,25.43972544,11289,1487,5923,3878,42-Rural: Distant,42
760,Randolph,1221,141,11.55,18372,1273,8639,53.95,15.05,112,1.98,139,7.57,8372,7714,4889,122,0.664053995,209,1.137600697,2534,13.79272806,729,3.967994775,14901,81.10711953,7,0.038101459,25,0.136076638,8887,1412,5107,2369,42-Rural: Distant,42
770,Richmond,522,75,14.37,7546,553,4951,72.94,14.46,105,4.34,39,5.17,9116,8418,5173,349,4.62496687,87,1.152928704,700,9.276437848,2998,39.7296581,3560,47.17731248,7,0.092764378,20,0.265041081,9297,1867,5786,1644,33-Town: Remote,33
421,Roanoke Rapids City,191,8,4.19,2896,199,1268,50.66,15.16,33,3.74,33,11.4,8917,8477,5196,17,0.587016575,47,1.622928177,109,3.763812155,671,23.1698895,2136,73.75690608,7,0.241712707,19,0.656077348,9034,1402,5572,2060,32-Town: Distant,32
780,Robeson,1586,85,5.36,23296,1513,17934,83.48,14.69,242,3.48,183,7.86,9638,8861,5672,10287,44.15779533,225,0.965831044,2495,10.70999313,6221,26.70415522,3837,16.47063874,7,0.030048077,0,0,9520,2291,5945,1284,41-Rural: Fringe,41
790,Rockingham,981,98,9.99,13527,883,7152,59.4,13.79,205,4.58,114,8.43,9437,8248,5040,46,0.34006062,67,0.495305685,1391,10.28313743,2893,21.38685592,8873,65.59473645,9,0.066533599,63,0.465735196,11360,1420,6163,3777,32-Town: Distant,32
800,Rowan-Salisbury,1408,143,10.16,20002,1346,10758,60.51,14.21,214,3.36,76,3.8,8965,8351,5240,59,0.294970503,214,1.069893011,2417,12.08379162,3938,19.6880312,13349,66.73832617,24,0.119988001,27,0.134986501,9333,1445,5131,2756,41-Rural: Fringe,41
810,Rutherford,603,61,10.12,8765,679,5355,68.84,14.54,137,4.67,66,7.53,9694,9073,5671,51,0.581859669,44,0.501996577,545,6.217912151,1169,13.33713634,6698,76.41756988,5,0.057045066,12,0.136908157,12060,2052,5717,4291,41-Rural: Fringe,41
820,Sampson,559,56,10.02,8320,668,5489,74,14.88,122,4.81,57,6.85,9174,8278,5114,73,0.877403846,7,0.084134615,2575,30.94951923,1821,21.88701923,3653,43.90625,4,0.048076923,11,0.132211538,9679,1669,5657,2353,42-Rural: Distant,42
830,Scotland,507,72,14.2,6153,436,4303,77.02,12.14,108,5.37,47,7.64,11361,10413,6316,963,15.650902,65,1.056395254,133,2.161547213,2970,48.26913701,2140,34.77978222,4,0.065008939,27,0.438810336,11076,2311,6550,2215,32-Town: Distant,32
840,Stanly,743,47,6.33,8966,747,4224,55.44,12.07,111,3.85,89,9.93,8696,8289,5451,25,0.27883114,315,3.513272362,591,6.591568146,1223,13.64041936,6855,76.45549855,2,0.022306491,2,0.022306491,8976,1396,5482,2098,42-Rural: Distant,42
850,Stokes,504,34,6.75,6847,558,2768,48.58,13.59,89,3.76,54,7.89,10601,8551,5186,23,0.335913539,20,0.292098729,318,4.644369797,248,3.622024244,6148,89.79114941,5,0.073024682,25,0.365123412,9958,1285,5851,2821,41-Rural: Fringe,41
860,Surry,596,28,4.7,8443,869,4093,58.77,14.17,129,4.72,70,8.29,9093,8177,5173,12,0.142129575,46,0.544830037,1682,19.92182873,209,2.475423428,6620,78.40814876,1,0.011844131,1,0.011844131,9563,1312,5472,2779,42-Rural: Distant,42
870,Swain,141,7,4.96,1888,213,981,63.24,13.39,46,6.81,18,9.53,9562,8951,5270,492,26.05932203,8,0.423728814,76,4.025423729,12,0.63559322,1391,73.67584746,1,0.052966102,146,7.733050847,10037,2405,6362,1270,42-Rural: Distant,42
292,Thomasville City,191,26,13.61,2408,176,2037,91.9,12.61,42,5.69,11,4.57,10410,9795,5914,18,0.747508306,19,0.789036545,713,29.60963455,958,39.78405316,680,28.23920266,3,0.124584718,35,1.453488372,10870,2824,5624,2422,13-City: Small,13
880,Transylvania,286,21,7.34,3511,300,1720,57.53,12.28,35,2.92,50,14.24,9950,9484,5799,10,0.28481914,25,0.71204785,163,4.642551979,185,5.269154087,3053,86.9552834,2,0.056963828,0,0,10759,1321,5452,3986,32-Town: Distant,32
890,Tyrrell,52,10,19.23,565,43,381,75.04,10.87,4,2.48,0,0,15984,15160,7998,1,0.17699115,18,3.185840708,88,15.57522124,221,39.11504425,248,43.89380531,0,0,6,1.061946903,16079,2430,11534,2115,43-Rural: Remote,43
900,Union,2467,240,9.73,39040,2124,11255,34.27,15.82,233,2.02,342,8.76,8969,7511,4715,105,0.268954918,575,1.472848361,5576,14.28278689,5511,14.11629098,27438,70.2817623,23,0.058913934,11,0.02817623,12245,876,4716,6653,41-Rural: Fringe,41
910,Vance,560,98,17.5,6868,565,5835,93.19,12.26,129,5.55,53,7.72,9530,9059,5722,11,0.160163075,30,0.436808387,885,12.88584741,4558,66.36575422,1648,23.99534071,1,0.01456028,18,0.262085032,9824,1925,6113,1786,41-Rural: Fringe,41
920,Wake,9202,1023,11.12,142351,7697,44332,36.55,15.47,1386,3.25,1132,7.95,9273,7714,5032,641,0.450295397,8830,6.202977148,21177,14.87660782,35746,25.11116887,71278,50.07200511,0,0,0,0,8208,1010,4704,2494,11-City: Large,11
930,Warren,205,41,20,2458,227,1901,86.57,11.99,32,3.9,31,12.61,11246,10427,6173,168,6.834825061,3,0.122050448,155,6.305939788,1759,71.56224573,478,19.44670464,0,0,0,0,11591,2276,6965,2351,43-Rural: Remote,43
940,Washington,150,23,15.33,1749,129,1347,84.39,11.66,18,2.98,10,5.72,11191,10971,6769,0,0,5,0.285877644,120,6.861063465,1324,75.70040023,425,24.29959977,0,0,57,3.259005146,11423,2565,7596,1263,41-Rural: Fringe,41
950,Watauga,375,31,8.27,4297,322,1340,38.68,11.46,35,2.41,50,11.64,10521,9111,5756,5,0.116360251,52,1.210146614,277,6.446357924,50,1.163602513,3963,92.22713521,4,0.093088201,14,0.325808704,11519,1357,5274,4889,41-Rural: Fringe,41
960,Wayne,1259,136,10.8,19033,1875,10750,66.33,15.12,241,4.18,127,6.67,8130,7751,5227,38,0.199653234,192,1.008774234,3039,15.96700468,6739,35.40692481,8217,43.17238481,21,0.110334682,157,0.824883098,8225,1499,5437,1289,41-Rural: Fringe,41
422,Weldon City,88,13,14.77,1023,42,721,74.58,11.63,14,4.06,4,3.91,12497,12185,6653,7,0.684261975,6,0.586510264,9,0.879765396,1045,102.1505376,39,3.812316716,0,0,1225,119.7458456,13126,3403,7165,2558,41-Rural: Fringe,41
241,Whiteville City,152,15,9.87,2224,124,1432,69.96,14.63,12,1.79,16,7.19,9353,8921,5747,37,1.663669065,4,0.179856115,163,7.329136691,933,41.95143885,1108,49.82014388,0,0,6,0.269784173,9638,2204,6136,1298,32-Town: Distant,32
970,Wilkes,627,75,11.96,9874,767,5490,63.37,15.75,78,2.62,44,4.46,8504,7955,4928,18,0.182296941,30,0.303828236,1186,12.01134292,422,4.273850517,8413,85.20356492,4,0.040510431,72,0.729187766,11567,1440,5340,4787,41-Rural: Fringe,41
980,Wilson,770,78,10.13,12033,872,6994,65.37,15.63,168,4.53,85,7.06,8477,8023,4917,20,0.16620959,113,0.939084185,1617,13.43804538,5617,46.67996343,4579,38.0536857,3,0.024931439,7,0.058173357,10425,1551,5033,3841,41-Rural: Fringe,41
990,Yadkin,392,29,7.4,5805,434,2677,53.59,14.81,51,2.68,50,8.61,8681,8057,4994,15,0.258397933,18,0.310077519,1119,19.27648579,189,3.255813953,4630,79.7588286,11,0.189491817,18,0.310077519,9082,1267,5531,2284,42-Rural: Distant,42
995,Yancey,178,16.5,9.27,2341,222,1147,58.48,13.15,36,4.74,9,3.85,10130,9655,5508,8,0.341734302,8,0.341734302,214,9.141392567,24,1.025202905,2070,88.42375053,1,0.042716788,82,3.502776591,10180,1705,6635,1839,42-Rural: Distant,42
10,Alamance-Burlington,1491,210,14.08,22237,1437,11331,57.42,14.76,233,3.31,163,7.33,8055,7875,5169,96,0.431712911,291,1.308629761,5203,23.39794037,4823,21.68907676,11648,52.38116652,30,0.134910285,781,3.512164411,7944,1108,5113,1724,41-Rural: Fringe,41
20,Alexander,338,34,10.06,5320,427,2431,53.72,15.74,42,2.49,57,10.71,8638,8317,5331,9,0.169172932,109,2.04887218,402,7.556390977,206,3.872180451,4502,84.62406015,0,0,157,2.95112782,8378,1123,5889,1366,41-Rural: Fringe,41
30,Alleghany,119,10,8.4,1392,170,812,70.55,11.5,13,2.97,7,5.03,11097,10667,6378,1,0.07183908,4,0.287356322,279,20.04310345,9,0.646551724,1195,85.84770115,0,0,19,1.364942529,10935,1160,7433,2342,43-Rural: Remote,43
40,Anson,256,46,17.97,3610,269,2588,79.14,15.56,46,4.06,15,4.16,10981,10618,6099,20,0.55401662,56,1.551246537,117,3.24099723,2126,58.89196676,1242,34.40443213,2,0.055401662,88,2.43767313,11052,2505,7145,1402,42-Rural: Distant,42
50,Ashe,238,24,10.08,3167,377,1603,62.52,13.36,24,2.48,33,10.42,10340,9290,5706,5,0.157878118,16,0.505209978,289,9.125355226,15,0.473634354,2948,93.08493843,0,0,43,1.357751816,9868,1188,6495,2185,41-Rural: Fringe,41
761,Asheboro City,337,67,19.88,4694,314,3219,75.27,13.19,8,1.23,29,6.18,9277,8718,5557,17,0.362164465,75,1.597784406,1910,40.69024286,737,15.70089476,1944,41.41457179,3,0.063911376,188,4.00511291,8875,1320,5572,1982,31-Town: Fringe,31
111,Asheville City,326,43,13.19,4081,156,1760,46.95,12.48,44,2.05,37,9.07,12162,11166,6794,10,0.245037981,53,1.298701299,273,6.689536878,1093,26.78265131,2472,60.57338888,4,0.098015192,290,7.106101446,12128,1556,5568,5005,13-City: Small,13
60,Avery,167,20,11.98,2134,224,1102,62.14,13.01,27,3.12,11,5.16,10623,10172,5835,2,0.093720712,10,0.468603561,202,9.46579194,6,0.281162137,1995,93.4864105,4,0.187441425,26,1.21836926,10547,1320,6673,2553,42-Rural: Distant,42
70,Beaufort,503,68,13.52,6980,444,4253,67.29,13.96,65,4.22,45,6.45,8866,8503,5160,13,0.186246418,19,0.272206304,1003,14.36962751,2367,33.91117479,3585,51.36103152,5,0.071633238,263,3.767908309,8885,1232,5581,2073,41-Rural: Fringe,41
80,Bertie,184,49,26.63,2619,231,2088,88.55,14.16,108,3.09,6,2.29,10044,9740,5194,17,0.649102711,6,0.229095074,61,2.329133257,2310,88.20160367,424,16.18938526,0,0,32,1.221840397,10255,1893,6688,1674,42-Rural: Distant,42
90,Bladen,358,55,15.36,4910,338,3588,79.96,14.7,243,2.84,36,7.33,9803,9486,5388,59,1.201629328,10,0.203665988,778,15.84521385,2089,42.54582485,2087,42.50509165,1,0.020366599,209,4.256619145,9800,1698,6416,1686,42-Rural: Distant,42
100,Brunswick,763,88,11.53,12201,1086,6616,63.13,15.16,33,2.53,84,6.89,9343,8925,5116,109,0.893369396,74,0.606507663,1302,10.67125645,1989,16.30194246,8441,69.18285386,10,0.081960495,511,4.188181297,9517,1123,5290,3105,41-Rural: Fringe,41
110,Buncombe,1661,196,11.8,25370,2052,12151,55.98,15.17,65,1.53,285,11.23,8898,8513,5202,88,0.346866378,364,1.434765471,3306,13.03113914,1587,6.255419787,19357,76.29877808,52,0.204966496,1070,4.217579819,9041,1250,5216,2575,21-Suburb: Large,21
120,Burke,838,76,9.07,12784,1240,7001,64.46,15.09,175,1.95,98,7.67,8716,8252,5215,24,0.187734668,839,6.562891114,1446,11.31101377,724,5.663329161,9716,76.00125156,10,0.078222778,584,4.568210263,8223,1240,5408,1574,41-Rural: Fringe,41
130,Cabarrus,1861,242,13,29721,1732,11030,42.94,15.68,44,2.98,153,5.15,7744,7421,4657,119,0.400390296,857,2.883483059,4164,14.01029575,5652,19.01685677,18508,62.27246728,32,0.107667979,1086,3.653982033,7668,797,4835,2035,13-City: Small,13
140,Caldwell,851,95,11.16,12224,1092,6275,60.27,14.59,77,1.93,69,5.65,8598,8225,5329,15,0.122709424,82,0.670811518,1060,8.671465969,708,5.791884817,10019,81.96171466,2,0.016361257,500,4.090314136,8577,974,5860,1743,22-Suburb: Mid-size,22
150,Camden,123,12,9.76,1898,130,562,36.46,15.18,8,1.34,3,1.58,9074,8572,4993,8,0.421496312,27,1.422550053,48,2.528977871,240,12.64488936,1525,80.34773446,3,0.158061117,78,4.109589041,9067,921,6722,1424,41-Rural: Fringe,41
160,Carteret,606,61,10.07,8391,644,3046,43.98,12.91,43,1.59,54,6.44,9153,8727,5543,46,0.548206412,87,1.03682517,574,6.840662615,584,6.959837922,6904,82.27863187,16,0.190680491,490,5.839590037,9016,934,5460,2622,41-Rural: Fringe,41
170,Caswell,203,30,14.78,2777,233,1712,70.04,14.24,25,2.97,21,7.56,9658,9123,5563,5,0.180050414,7,0.25207058,173,6.229744328,1034,37.23442564,1553,55.92365862,0,0,102,3.673028448,9555,1217,7083,1255,42-Rural: Distant,42
180,Catawba,1057,120,11.35,16984,1412,7475,52.33,16.18,92,1.66,119,7.01,8208,7913,5027,32,0.188412624,1150,6.771078662,2207,12.99458314,900,5.29910504,12262,72.19736222,11,0.064766839,694,4.086198775,8100,902,5211,1987,41-Rural: Fringe,41
681,Chapel Hill-Carrboro,940,165,17.55,12094,362,2914,27.09,12.84,45,3.72,77,6.37,12957,10677,6988,63,0.520919464,1860,15.37952704,1801,14.89168183,1480,12.23747313,6304,52.12502067,5,0.041342815,816,6.747147346,10768,660,4772,5336,13-City: Small,13
600,Charlotte-Mecklenburg,570,76,13.33,140161,8556,71080,56.82,16.28,9,0.98,1386,9.89,8852,8132,5072,679,0.484442891,7520,5.365258524,27223,19.42266394,60282,43.00911095,45190,32.24149371,0,0,3584,2.557059382,8552,894,4926,2732,11-City: Large,11
190,Chatham,254,30,11.81,8073,436,3800,52.47,13.73,53,2.23,82,10.16,10099,9244,5703,21,0.260126347,76,0.941409637,2419,29.96407779,1044,12.93199554,4580,56.7323176,1,0.012386969,313,3.877121268,9964,889,5334,3741,41-Rural: Fringe,41
220,Clay,100,9,9,1309,109,687,60.81,13.22,27,3.79,0,0,9921,9667,5904,4,0.305576776,3,0.229182582,58,4.430863254,12,0.916730328,1289,98.47211612,2,0.152788388,20,1.527883881,10012,883,7564,1566,43-Rural: Remote,43
230,Cleveland,1122,123,10.96,15329,976,8800,63.77,13.75,6,1.52,131,8.55,9674,8910,5736,18,0.11742449,129,0.841542175,777,5.068823798,4176,27.24248157,10133,66.10346402,3,0.019570748,715,4.664361667,9450,1402,5795,2253,41-Rural: Fringe,41
821,Clinton City,218,34,15.6,2979,219,1959,73.11,14.19,133,2.67,9,3.02,8699,8422,5057,96,3.222557905,36,1.208459215,656,22.02081235,1246,41.82611615,995,33.40046996,2,0.067136623,113,3.793219201,8648,1236,5436,1976,32-Town: Distant,32
240,Columbus,433,74,17.09,6259,480,4121,73.51,15.77,54,2.65,12,1.92,9421,8688,5252,380,6.071257389,4,0.063907973,572,9.13884007,2067,33.0244448,3420,54.6413165,4,0.063907973,111,1.773446237,9194,1548,6391,1254,42-Rural: Distant,42
250,Craven,958,157,16.39,14581,1336,6888,56.4,15.38,28,3.64,74,5.08,8160,7995,4933,50,0.342912009,513,3.51827721,1321,9.059735272,4376,30.01165901,8015,54.96879501,29,0.198888965,724,4.965365887,7869,1204,5143,1522,41-Rural: Fringe,41
260,Cumberland,3682,629,17.08,51189,4113,26597,59.99,14.02,101,2.33,522,10.2,8536,8097,5131,1007,1.96721952,919,1.795307586,6085,11.88731954,23641,46.18375042,17508,34.20266073,206,0.40243021,3559,6.952665612,8042,1240,4953,1849,12-City: Mid-size,12
270,Currituck,247,29,11.74,3816,235,1173,36.9,15.02,267,1.64,22,5.77,9616,9019,5252,8,0.209643606,16,0.419287212,172,4.507337526,204,5.34591195,3137,82.20649895,3,0.078616352,376,9.853249476,9438,814,5521,3103,42-Rural: Distant,42
280,Dare,384,31,8.07,4883,333,1880,45.32,12.33,22,1.84,35,7.17,10821,10559,6521,7,0.143354495,46,0.942043826,617,12.63567479,151,3.092361253,4104,84.04669261,0,0,163,3.338111817,10752,702,5641,4409,33-Town: Remote,33
290,Davidson,1218,128,10.51,19831,910,8192,45.9,16.47,10,0.68,144,7.26,7670,7188,4586,65,0.327769654,212,1.069033332,1311,6.610861782,622,3.136503454,17681,89.15838838,11,0.055468711,357,1.80021179,7615,808,5132,1675,41-Rural: Fringe,41
300,Davie,433,54,12.47,185,19,119,74.59,0.42,144,2.25,41,6.38,8527,8162,5268,16,8.648648649,42,22.7027027,791,427.5675676,401,216.7567568,5167,2792.972973,2,1.081081081,257,138.9189189,8328,862,5480,1987,41-Rural: Fringe,41
310,Duplin,612,107,17.48,6429,413,2559,46.23,10,28,3.46,52,5.58,9392,8620,5228,53,0.824389485,22,0.342199409,3489,54.26971535,2351,36.5686732,3440,53.50754394,3,0.046663556,156,2.4265049,9302,1593,5913,1796,42-Rural: Distant,42
320,Durham,2287,461,20.16,9315,734,6309,75.61,3.9,36,4.85,351,10.88,11195,10267,6239,102,1.095008052,813,8.727858293,8078,86.72034353,16673,178.9908749,6404,68.74932904,37,0.397208803,972,10.43478261,10443,1250,5252,3941,12-City: Mid-size,12
210,Edenton-Chowan,443,98,22.12,2220,156,1311,66.08,13.54,58,2.86,12,5.41,11066,10939,5894,2,0.09009009,10,0.45045045,118,5.315315315,989,44.54954955,1110,50,3,0.135135135,79,3.558558559,10693,1356,7554,1783,42-Rural: Distant,42
330,Edgecombe,88,7,7.95,32263,1767,19486,65.87,81.89,57,2.18,53,8.03,9205,8583,4924,8,0.024796206,20,0.061990515,631,1.955800762,3972,12.31131637,2121,6.574094164,4,0.012398103,110,0.340947835,8982,1454,6197,1330,42-Rural: Distant,42
861,Elkin,3718,465,12.51,1194,63,452,43.13,3.07,322,3.21,0,0,9002,8756,5637,0,0,10,0.837520938,227,19.01172529,41,3.433835846,913,76.46566164,0,0,37,3.098827471,9276,981,5906,2388,32-Town: Distant,32
340,Forsyth-Winston Salem,573,116,20.24,6599,593,4792,81.6,74.99,86,4.04,393,7.45,9064,8477,5548,125,1.894226398,1234,18.699803,11736,177.845128,15583,236.1418397,23070,349.598424,53,0.803151993,2080,31.51992726,8856,1035,5330,2491,12-City: Mid-size,12
350,Franklin,1852,251,13.55,52761,2845,26993,56.55,91.12,435,2.72,64,7.49,8540,8034,4873,36,0.068232217,40,0.075813574,1264,2.395708952,2651,5.024544645,4419,8.375504634,8,0.015162715,267,0.506055609,8546,877,5744,1926,41-Rural: Fringe,41
360,Gaston,138,20,14.49,8549,642,4630,61.67,4.49,117,4.31,109,3.52,8369,7534,4659,75,0.87729559,443,5.181892619,3110,36.3785238,6476,75.75154989,20466,239.3964206,16,0.187156393,1218,14.24728038,7737,1053,5066,1618,22-Suburb: Mid-size,22
370,Gates,88,9,10.23,30977,2096,16941,61.46,236.47,156,1.61,7,4.08,10868,10434,5765,5,0.016141008,1,0.003228202,26,0.083933241,646,2.085418214,1044,3.370242438,2,0.006456403,63,0.203376699,10878,1095,7575,2209,42-Rural: Distant,42
380,Graham,531,93,17.51,1718,188,784,56.58,19.75,10,1.69,0,0,11828,10572,5899,184,10.71012806,1,0.058207218,36,2.095459837,2,0.116414435,1010,58.78928987,1,0.058207218,10,0.582072177,11463,2262,7764,1437,43-Rural: Remote,43
390,Granville,212,48,22.64,1183,148,646,67.12,2.35,11,3.1,79,9.32,8724,8217,4826,30,2.535925613,38,3.212172443,1087,91.88503804,2804,237.0245139,4355,368.1318681,4,0.338123415,337,28.48689772,8670,798,5693,2180,41-Rural: Fringe,41
400,Greene,4960,640,12.9,8479,640,4211,57.21,38.02,94,3.46,11,3.5,13194,10409,6424,3,0.035381531,4,0.047175374,929,10.95648072,1282,15.11970751,1046,12.33636042,2,0.023587687,41,0.483547588,13426,1832,7077,4517,42-Rural: Distant,42
410,Guilford,259,81,31.27,3147,189,2254,77.63,0.63,18,1.81,623,8.67,9836,9035,5518,421,13.37782015,4251,135.0810296,8930,283.7623133,30245,961.0740388,27428,871.5602161,113,3.590721322,2773,88.11566571,9254,1344,5146,2764,11-City: Large,11
420,Halifax,1232,221,17.94,71885,4740,37544,58.82,316.67,487,2.07,38,11.16,11298,11036,6574,217,0.301871044,6,0.008346665,106,0.147457745,3095,4.305487932,168,0.233706615,3,0.004173332,43,0.059817764,11478,3430,6734,1314,42-Rural: Distant,42
430,Harnett,524,56,10.7,978,57,784,85.99,0.71,29,3.11,136,6.78,7661,7284,4634,197,20.14314928,109,11.14519427,3537,361.6564417,5158,527.402863,10499,1073.517382,47,4.805725971,1022,104.4989775,7589,770,5548,1271,41-Rural: Fringe,41
440,Haywood,912,123,13.49,20065,1802,9978,58.71,38.44,20,2.19,68,9.12,8789,8577,5224,68,0.33889858,38,0.1893845,504,2.511836531,76,0.378769001,6794,33.85995515,3,0.014951408,150,0.747570396,8515,1069,5115,2330,21-Suburb: Large,21
450,Henderson,222,41,18.47,7459,563,3583,55.58,8.1,12,3.32,100,7.51,8370,8121,5331,32,0.429011932,168,2.252312642,2689,36.0504089,501,6.716718059,9634,129.1594047,35,0.469231801,505,6.77034455,8162,1027,5239,1897,21-Suburb: Large,21
460,Hertford,300,51,17,13316,1023,6321,55.15,61.08,242,3.85,30,9.93,10763,10251,5780,21,0.157705017,16,0.120156203,79,0.593271253,2508,18.83448483,511,3.837488735,1,0.007509763,36,0.270351457,10548,1565,7241,1742,32-Town: Distant,32
181,Hickory Public,566,155,27.39,4305,279,2474,63.95,14.4,35,1.48,31,7.2,8590,8298,5229,8,0.18583043,186,4.320557491,936,21.74216028,978,22.71777003,2070,48.08362369,1,0.023228804,270,6.271777003,8601,1335,5280,1986,13-City: Small,13
470,Hoke,72,19,26.39,3021,161,2369,83.75,5.5,64,1.52,52,6.5,8236,7982,4886,935,30.95001655,73,2.416418405,1483,49.0897054,3087,102.1847071,2311,76.49784839,11,0.364117842,504,16.68321748,8210,1167,6069,974,21-Suburb: Large,21
480,Hyde,1333,169,12.68,8006,705,4843,69.3,129.13,23,2.43,1,1.77,17562,17050,8948,0,0,0,0,96,1.199100674,167,2.085935548,318,3.972020984,2,0.024981264,17,0.212340744,17343,1747,12537,3060,43-Rural: Remote,43
490,Iredell-Statesville,248,43,17.34,565,24,361,68.14,0.43,50,2.32,159,7.5,8196,7692,4688,39,6.902654867,596,105.4867257,2383,421.7699115,2979,527.2566372,14896,2636.460177,17,3.008849558,490,86.72566372,8027,938,5102,1987,21-Suburb: Large,21
500,Jackson,2207,297,13.46,3580,327,1832,60.31,14.32,4,2.34,12,3.35,9208,8893,5226,371,10.36312849,43,1.201117318,343,9.581005587,46,1.284916201,2789,77.90502793,6,0.167597765,64,1.787709497,9491,1239,5703,2549,41-Rural: Fringe,41
510,Johnston,94,13,13.83,33195,1839,13065,44.9,14.48,120,1.68,176,5.3,8247,8094,5230,163,0.491037807,218,0.65672541,6660,20.06326254,5409,16.29462268,20162,60.73806296,20,0.060250038,1079,3.250489532,7964,857,5302,1806,41-Rural: Fringe,41
520,Jones,383,45,11.75,1141,125,849,85.36,11.41,47,2.8,4,3.51,12218,11722,6540,9,0.78878177,5,0.438212095,86,7.537248028,541,47.41454864,561,49.16739702,0,0,30,2.629272568,12040,1277,8493,2270,42-Rural: Distant,42
132,Kannapolis,616,94,15.26,5429,300,3846,76.37,14.21,19,1.73,17,3.24,9736,9688,6028,10,0.184195985,92,1.694603058,1297,23.89021919,1547,28.49511881,2245,41.35199853,3,0.055258795,317,5.83901271,8774,1758,5027,1988,22-Suburb: Mid-size,22
530,Lee,597,95,15.91,9767,665,5749,65.67,15.36,189,1.95,79,8.09,8641,8251,5296,70,0.716699089,64,0.655267738,3140,32.14907341,2131,21.81836797,4295,43.97460838,7,0.071669909,287,2.938466264,8588,1076,5594,1918,41-Rural: Fringe,41
540,Lenoir,226,41,18.14,9155,666,6021,73.04,15.76,16,5.11,60,6.64,8350,8198,4867,24,0.26215183,62,0.67722556,1082,11.81867832,4250,46.42271983,3698,40.39322774,6,0.065537957,221,2.413981431,8485,1282,5811,1392,41-Rural: Fringe,41
291,Lexington City,786,77,9.8,3010,147,2485,87.44,13.74,93,3.14,3,1,9495,9116,5508,18,0.598006645,143,4.750830565,1046,34.75083056,1026,34.08637874,831,27.60797342,6,0.199335548,133,4.418604651,9441,1591,5815,2036,21-Suburb: Large,21
550,Lincoln,339,35,10.32,11571,838,4829,48.98,14.67,89,3.01,67,5.79,7928,7478,4471,23,0.198772794,80,0.691383631,1254,10.83743842,719,6.213810388,9475,81.88574885,4,0.034569182,305,2.635900095,7769,871,4964,1934,41-Rural: Fringe,41
560,Macon,184,24,13.04,4272,418,2461,67.39,13.19,93,2.46,42,9.83,9983,8991,5412,18,0.421348315,28,0.655430712,617,14.4428839,35,0.81928839,3681,86.16573034,4,0.093632959,132,3.08988764,9010,1164,5775,2071,41-Rural: Fringe,41
570,Madison,272,41,15.07,2565,246,1358,62.53,13.43,12,0.9,20,7.8,9736,8810,5193,14,0.545808967,9,0.350877193,92,3.586744639,9,0.350877193,2447,95.39961014,1,0.038986355,29,1.130604288,9628,1164,6823,1642,42-Rural: Distant,42
580,Martin,451,58,12.86,3450,268,2238,72.64,13.32,20,2.35,5,1.45,10136,9790,5842,5,0.144927536,23,0.666666667,205,5.942028986,1846,53.50724638,1461,42.34782609,0,0,83,2.405797101,10187,1381,6809,1997,42-Rural: Distant,42
590,McDowell,8309,1329,15.99,6322,573,3960,71.7,14.4,35,3.67,16,2.53,9537,8852,5693,25,0.39544448,60,0.949066751,733,11.59443214,203,3.211009174,5328,84.27712749,1,0.015817779,270,4.27080038,9105,1171,6110,1823,41-Rural: Fringe,41
610,Mitchell,157,14,8.92,1980,251,919,59.09,13.38,84,4.24,1,0.51,10205,9846,5727,2,0.101010101,11,0.555555556,148,7.474747475,3,0.151515152,1861,93.98989899,1,0.050505051,18,0.909090909,10021,1056,7368,1597,42-Rural: Distant,42
620,Montgomery,284,49,17.25,4131,361,2894,78.79,14.6,1232,3.02,40,9.68,9150,9024,5557,4,0.096828855,86,2.081820382,1369,33.13967562,855,20.69716776,1874,45.36431857,10,0.242072137,78,1.888162672,9240,1411,6081,1747,41-Rural: Fringe,41
630,Moore,806,117,14.52,12609,627,5302,47.02,15.14,24,3.61,96,7.61,8811,8620,5278,144,1.142041399,130,1.031009596,1515,12.01522722,2310,18.32024744,8451,67.0235546,11,0.087239274,351,2.78372591,8531,995,5151,2386,42-Rural: Distant,42
491,Mooresville Graded,325,40,12.31,21199,1433,8005,44.52,59.88,27,2.21,39,6.79,8332,7766,4838,5,0.023586018,136,0.641539695,466,2.198216897,850,4.009623095,4208,19.84999292,10,0.047172036,198,0.934006321,8467,582,4989,2896,21-Suburb: Large,21
862,Mount Airy City,116,12,10.34,1678,74,999,63.95,13.98,111,2.73,10,5.96,9234,9117,5574,1,0.059594756,26,1.549463647,289,17.22288439,174,10.36948749,1194,71.15613826,0,0,59,3.516090584,9571,1458,5903,2210,32-Town: Distant,32
640,Nash-Rocky Mount,1069,222,20.77,16452,1283,10027,68.75,17.37,200,3.79,90,5.56,9530,9312,6040,80,0.486263068,136,0.826647216,1762,10.70994408,8351,50.75978604,5758,34.99878434,12,0.07293946,671,4.078531486,9195,1265,5869,2062,41-Rural: Fringe,41
650,New Hanover,1597,165,10.33,25385,1509,11510,51.29,15.06,177,2.29,150,5.98,8858,8589,5148,124,0.488477447,400,1.575733701,2551,10.04924168,5710,22.49359858,16057,63.25389009,39,0.153634036,955,3.762064211,8931,958,5214,2759,12-City: Mid-size,12
182,Newton Conover,199,38,19.1,2952,222,1873,70.97,14.4,16,2.17,14,4.74,9701,8555,5569,2,0.067750678,149,5.047425474,708,23.98373984,441,14.93902439,1542,52.23577236,2,0.067750678,181,6.131436314,9677,1155,5359,3163,22-Suburb: Mid-size,22
660,Northampton,171,60,35.09,2085,150,1726,89.98,13.45,162,2.32,19,9.11,11476,10984,6025,9,0.431654676,3,0.143884892,69,3.309352518,1801,86.37889688,342,16.4028777,0,0,42,2.014388489,11354,1839,7595,1921,42-Rural: Distant,42
670,Onslow,1483,231,15.58,24994,2441,8716,44.64,15.73,54,2.28,84,3.41,7996,7743,4838,158,0.632151716,281,1.124269825,2918,11.67480195,4909,19.64071377,15412,61.66279907,96,0.384092182,1759,7.037689045,8123,1331,4815,1977,13-City: Small,13
680,Orange,534,78,14.61,7361,350,2732,41.87,13.17,23,0.6,43,5.84,10299,9921,6057,31,0.421138432,54,0.733595979,1201,16.31571797,1243,16.88629262,4787,65.03192501,3,0.040755332,247,3.355522348,10136,817,5440,3879,21-Suburb: Large,21
690,Pamlico,111,26,23.42,1271,120,696,64.2,12.22,14,2.78,15,11.8,11961,11402,6101,9,0.708103855,3,0.236034618,64,5.035405193,313,24.62627852,893,70.25963808,0,0,48,3.776553895,12296,1307,8112,2877,42-Rural: Distant,42
700,Pasquotank-Elizabeth City,439,76,17.31,5691,445,3208,64.19,10.7,23,1.37,43,7.56,9214,8761,5052,19,0.333860481,47,0.825865402,319,5.605341768,2628,46.17817607,2763,48.55034265,8,0.140572834,213,3.742751713,8873,1140,5848,1886,41-Rural: Fringe,41
710,Pender,521,68,13.05,8459,723,4432,60.94,69.91,53,1.95,52,6.15,8343,8047,4779,41,0.484690862,38,0.449225677,1036,12.24731056,1509,17.83898806,5893,69.66544509,12,0.14186074,231,2.730819246,8114,1123,5113,1879,41-Rural: Fringe,41
720,Perquimans,118,15,12.71,1788,147,990,63.59,5.75,11,2.08,14,7.83,9989,9741,5573,4,0.223713647,4,0.223713647,39,2.181208054,561,31.37583893,1185,66.27516779,0,0,55,3.07606264,9810,1304,6783,1723,43-Rural: Remote,43
730,Person,326,60,18.4,4842,315,2732,62.93,2.96,61,4.19,23,4.93,9230,8779,5512,25,0.516315572,5,0.103263114,423,8.73605948,1751,36.16274267,2519,52.02395704,4,0.082610492,216,4.460966543,9572,1186,5960,2426,42-Rural: Distant,42
740,Pitt,1629,294,18.05,23237,1041,12877,59.9,122.95,201,2.78,168,7.23,8472,8233,5479,50,0.215174076,310,1.33407927,2340,10.07014675,11378,48.9650127,8969,38.59792572,8,0.034427852,736,3.167362396,8449,1255,5397,1796,13-City: Small,13
750,Polk,183,19,10.38,2283,171,1259,62.64,1.51,18,2.32,15,6.57,11280,10764,6431,5,0.219010074,7,0.306614104,298,13.05300044,145,6.351292159,1906,83.48664039,0,0,79,3.460359177,11353,1353,6784,3216,42-Rural: Distant,42
760,Randolph,1184,137,11.57,18199,1339,8853,56,15.25,139,2.41,170,9.34,8059,7756,4845,116,0.637397659,227,1.247321281,2690,14.78103192,700,3.846365185,14368,78.94939282,6,0.032968844,521,2.862794659,8029,991,5561,1477,41-Rural: Fringe,41
770,Richmond,490,84,17.14,7527,554,5258,77.22,15.14,30,2.31,25,3.32,9011,8460,5130,317,4.211505248,68,0.903414375,756,10.04384217,2902,38.554537,3579,47.54882423,3,0.039856517,245,3.254948851,8645,1360,5964,1321,32-Town: Distant,32
421,Roanoke Rapids City,185,17,9.19,3406,212,2971,93.45,17.93,60,2.47,19,6.31,8588,8198,4987,11,0.322959483,49,1.438637698,139,4.08103347,789,23.16500294,2116,62.1256606,5,0.146799765,56,1.644157369,8606,1058,5705,1844,32-Town: Distant,32
780,Robeson,1505,273,18.14,23456,1651,18439,85.65,26.62,165,2.34,178,7.59,8810,8293,5111,10417,44.41081173,189,0.805763984,3097,13.20344475,6192,26.39836289,3779,16.11101637,18,0.076739427,959,4.088506139,8595,1587,5961,1047,32-Town: Distant,32
790,Rockingham,920,106,11.52,13179,878,6987,59.68,10.14,171,3.89,104,7.89,8733,8428,5044,48,0.364215798,59,0.447681918,1556,11.80666211,2705,20.52507778,8549,64.86835116,12,0.091053949,675,5.121784657,8546,1011,5837,1699,41-Rural: Fringe,41
800,Rowan-Salisbury,1371,191,13.93,19720,1462,11047,63.43,35.47,73,1.17,127,6.44,8795,8506,5284,56,0.283975659,228,1.156186613,2675,13.56490872,3758,19.05679513,12853,65.17748479,20,0.101419878,575,2.915821501,8684,1177,5361,2146,41-Rural: Fringe,41
810,Rutherford,552,68,12.32,8753,681,5634,72.15,15.36,128,4.52,75,8.77,9158,8995,5478,39,0.445561522,44,0.502684794,562,6.420655775,1133,12.94413344,6595,75.3455958,1,0.011424654,589,6.729121444,9369,1578,5798,1994,41-Rural: Fringe,41
820,Sampson,551,73,13.25,8521,643,5831,75.98,19.72,85,3.25,32,3.76,8337,8223,4933,75,0.880178383,18,0.211242812,2930,34.38563549,1805,21.18295975,3695,43.36345499,6,0.070414271,306,3.591127802,8170,1265,5668,1237,42-Rural: Distant,42
830,Scotland,465,110,23.66,6055,395,4498,80.81,9.98,19,2.29,45,7.43,10727,10310,6342,960,15.85466557,66,1.090008258,155,2.559867878,2881,47.58051197,1978,32.66721718,4,0.066061107,232,3.831544178,10290,1642,6644,2004,32-Town: Distant,32
840,Stanly,634,77,12.15,8691,724,4093,55.43,18.45,83,4.22,86,9.9,8217,7984,5161,21,0.241629272,277,3.187205155,608,6.995742722,1143,13.15153607,6474,74.49085261,1,0.011506156,303,3.486365205,8186,936,5743,1507,42-Rural: Distant,42
850,Stokes,490,54,11.02,6660,568,2862,51.5,12.27,110,4.04,41,6.16,9376,8705,5149,14,0.21021021,23,0.345345345,325,4.87987988,248,3.723723724,6025,90.46546547,5,0.075075075,264,3.963963964,9270,1436,6041,1792,41-Rural: Fringe,41
860,Surry,561,41,7.31,8242,766,4698,66.29,59.29,44,1.9,93,11.28,8431,8243,5139,13,0.157728707,39,0.47318612,1777,21.5603009,210,2.547925261,6383,77.44479495,9,0.109196797,158,1.917010434,8339,1063,5698,1578,42-Rural: Distant,42
870,Swain,140,14,10,1932,254,1000,64.91,11.5,74,2.75,8,4.14,9873,9305,5278,494,25.56935818,8,0.414078675,92,4.761904762,21,1.086956522,1388,71.8426501,2,0.103519669,76,3.933747412,10124,2485,6685,954,42-Rural: Distant,42
292,Thomasville City,178,37,20.79,2390,138,2031,90.75,8.75,4,1.07,10,4.18,10310,9593,5616,25,1.046025105,31,1.29707113,752,31.46443515,953,39.87447699,614,25.69037657,3,0.125523013,148,6.192468619,9828,1686,5671,2471,22-Suburb: Mid-size,22
880,Transylvania,268,20,7.46,3537,294,1891,61.78,72.18,9,1.55,28,7.92,10214,9930,5976,11,0.310998021,33,0.932994063,209,5.908962398,178,5.032513429,2989,84.50664405,6,0.169635284,166,4.693242861,9985,1289,5565,3131,31-Town: Fringe,31
890,Tyrrell,52,8,15.38,550,68,362,78.18,0.21,19,3.04,1,1.82,14812,14391,7699,1,0.181818182,16,2.909090909,105,19.09090909,201,36.54545455,239,43.45454545,0,0,39,7.090909091,14880,1754,11374,1752,43-Rural: Remote,43
900,Union,2480,356,14.35,40694,2311,12272,35.84,83.73,24,1.97,329,8.17,8233,7760,4864,100,0.245736472,794,1.951147589,6056,14.88180076,5356,13.16164545,27389,67.30476237,16,0.039317836,948,2.329581757,8013,645,4903,2465,21-Suburb: Large,21
910,Vance,520,118,22.69,6680,415,5471,88.11,0.66,3,2.1,55,8.23,9194,8873,5443,19,0.284431138,39,0.583832335,936,14.01197605,4387,65.67365269,1571,23.51796407,1,0.01497006,185,2.769461078,9365,1629,6195,1541,32-Town: Distant,32
920,Wake,9670,1170,12.1,150526,7178,45238,34.82,923.47,169,1.38,1037,6.95,8456,7730,5040,515,0.342133585,9729,6.463335238,23491,15.60594183,36878,24.49942203,73927,49.11244569,91,0.060454672,6325,4.201931892,8056,645,5033,2379,21-Suburb: Large,21
930,Warren,179,46,25.7,2380,207,1839,85.97,21.06,102,4.67,22,9.24,11113,10635,6019,164,6.890756303,6,0.25210084,161,6.764705882,1660,69.74789916,429,18.02521008,1,0.042016807,48,2.016806723,10983,1899,7187,1897,43-Rural: Remote,43
940,Washington,129,36,27.91,1752,155,1370,87.04,4.94,870,1.95,12,7.08,10741,10528,5748,0,0,4,0.228310502,143,8.162100457,1238,70.66210046,396,22.60273973,0,0,35,1.997716895,10592,2142,7215,1235,41-Rural: Fringe,41
950,Watauga,361,42,11.63,4380,391,1420,41.35,3.6,33,4.1,42,9.59,9663,9284,6035,8,0.182648402,49,1.118721461,331,7.557077626,48,1.095890411,3963,90.47945205,3,0.068493151,148,3.378995434,9633,838,5735,3059,42-Rural: Distant,42
960,Wayne,1247,152,12.19,19019,1420,11071,65.68,257.01,16,2.91,83,4.36,8500,7764,5266,31,0.1629949,203,1.067353699,3515,18.48151848,6826,35.89042536,8083,42.49960566,21,0.1104159,1082,5.689047794,8365,1471,5541,1353,41-Rural: Fringe,41
422,Weldon City,84,22,26.19,3012,219,1602,60.46,18.48,39,2.6,3,3.07,11925,11512,5868,4,0.132802125,5,0.166002656,9,0.298804781,1019,33.8313413,30,0.996015936,0,0,12,0.398406375,11754,2252,7044,2459,32-Town: Distant,32
241,Whiteville City,151,16,10.6,2287,161,1502,72.72,3.62,230,4,11,4.81,9158,8810,5521,39,1.705290774,8,0.349803236,179,7.826847398,966,42.23874071,1032,45.1246174,2,0.087450809,91,3.979011806,9409,1798,6202,1409,32-Town: Distant,32
970,Wilkes,620,64,10.32,9760,902,5649,67.12,13.07,67,2.22,79,8.09,8390,8090,4894,25,0.256147541,27,0.276639344,1302,13.34016393,442,4.528688525,8280,84.83606557,1,0.010245902,307,3.145491803,8233,1055,5473,1704,41-Rural: Fringe,41
980,Wilson,755,100,13.25,12307,820,7246,65.54,3.22,127,3.43,120,9.75,8219,8011,4785,24,0.195010969,150,1.218818559,1944,15.79588852,5690,46.23385065,4399,35.74388559,10,0.081254571,331,2.689526286,8078,1167,5253,1657,42-Rural: Distant,42
990,Yadkin,403,44,10.92,5537,484,2752,58.44,14.69,39,2.15,49,8.85,8493,8213,5003,12,0.216723858,18,0.325085787,1222,22.06971284,200,3.612064295,4301,77.67744266,6,0.108361929,112,2.022756005,8483,878,5943,1662,42-Rural: Distant,42
995,Yancey,179,25,13.97,2253,252,1089,59.52,13.18,11,1.6,13,5.77,10177,9361,5410,8,0.355082113,5,0.22192632,251,11.14070129,19,0.843320018,2015,89.43630715,0,0,34,1.509098979,10095,1464,6845,1786,42-Rural: Distant,42
10,Alamance-Burlington,1507,231,15.33,22604,12364,1389,60.84,15,256,3.48,78,11.21,8468,8192,5465,108,0.477791541,327,1.446646611,5604,24.7920722,4945,21.876659,11127,49.22580074,30,0.132719873,899,3.977172182,8148,1060,5336,1752,41-Rural: Fringe,41
20,Alexander,338,29,8.58,5120,2354,445,54.67,15.15,46,2.79,23,15.56,8875,8424,5366,8,0.15625,102,1.9921875,456,8.90625,211,4.12109375,4278,83.5546875,4,0.078125,198,3.8671875,8742,1133,6138,1471,41-Rural: Fringe,41
30,Alleghany,121,14,11.57,1387,695,42,53.14,11.46,12,2.58,2,4.44,11923,11298,6630,6,0.43258832,3,0.21629416,303,21.84571017,9,0.64888248,1132,81.6149964,0,0,24,1.73035328,11863,1578,7703,2582,43-Rural: Remote,43
40,Anson,232,39,16.81,3490,2568,242,80.52,15.04,41,3.75,11,10.54,10543,10287,6028,12,0.343839542,58,1.661891117,136,3.896848138,2005,57.44985673,1227,35.15759312,0,0,88,2.521489971,10872,2133,7179,1560,42-Rural: Distant,42
50,Ashe,237,22,9.28,3096,1644,335,63.92,13.06,39,3.93,6,6.45,10464,9697,5945,2,0.064599483,16,0.516795866,301,9.722222222,15,0.484496124,2871,92.73255814,0,0,35,1.130490956,10324,1124,6831,2369,41-Rural: Fringe,41
761,Asheboro City,356,49,13.78,4744,3259,335,75.76,13.33,26,1.95,3,2.27,9041,8859,5558,9,0.189713322,85,1.791736931,2102,44.30860034,659,13.89123103,1803,38.00590219,0,0,192,4.047217538,9029,1356,5696,1976,31-Town: Fringe,31
111,Asheville City,327,56,17.13,4295,1680,202,43.82,13.13,42,2.94,17,12.58,16636,11290,7055,7,0.16298021,52,1.210710128,334,7.776484284,1028,23.93480792,2652,61.74621653,6,0.139697322,282,6.565774156,12062,1478,5474,5110,13-City: Small,13
60,Avery,164,10,6.1,1826,1098,244,73.49,11.13,9,1.35,2,3.14,11633,11034,6371,4,0.21905805,12,0.657174151,233,12.76013143,12,0.657174151,1898,103.9430449,2,0.109529025,34,1.861993428,11144,1325,7214,2605,42-Rural: Distant,42
70,Beaufort,500,66,13.2,6937,4235,467,67.78,13.87,59,2.59,30,13.91,9403,8976,5580,18,0.259478161,25,0.360386334,1085,15.6407669,2371,34.17903993,3434,49.50266686,6,0.08649272,243,3.502955168,9145,1145,5759,2241,41-Rural: Fringe,41
80,Bertie,185,57,30.81,2258,1771,0,78.43,12.21,17,2.06,1,1.29,12915,11865,6452,12,0.531443756,4,0.177147919,58,2.568644818,2071,91.71833481,373,16.5190434,2,0.088573959,26,1.15146147,11622,2492,7558,1572,42-Rural: Distant,42
90,Bladen,334,65,19.46,4670,2783,0,59.59,13.98,59,3.97,9,6.29,9545,9149,5227,70,1.498929336,10,0.214132762,848,18.15845824,1877,40.19271949,1921,41.13490364,0,0,199,4.26124197,9497,1496,6286,1715,42-Rural: Distant,42
100,Brunswick,805,120,14.91,12332,6206,251,52.36,15.32,158,3.82,38,9.71,10363,9473,5489,111,0.900097308,84,0.681154719,1453,11.78235485,1944,15.76386636,8440,68.43983133,15,0.121634771,487,3.949075576,10038,1168,5591,3279,41-Rural: Fringe,41
110,Buncombe,1672,217,12.98,24700,11873,1925,55.86,14.77,188,2.31,169,21.69,10075,8894,5410,84,0.340080972,357,1.44534413,3635,14.71659919,1664,6.736842105,18214,73.74089069,70,0.28340081,982,3.975708502,9520,1153,5550,2817,21-Suburb: Large,21
120,Burke,847,79,9.33,12504,5503,936,51.5,14.76,86,2.02,22,5.45,8936,8332,5159,19,0.151951376,835,6.677863084,1627,13.01183621,630,5.038387716,9278,74.20025592,9,0.071976967,586,4.68650032,8609,1157,5815,1637,41-Rural: Fringe,41
130,Cabarrus,1895,264,13.93,30630,11917,1545,43.95,16.16,172,1.78,104,10.59,7278,5025,3458,3,0.009794319,80,0.261181848,72,0.235063663,180,0.587659158,518,1.691152465,3,0.009794319,32,0.104472739,7529,229,4968,2332,13-City: Small,13
140,Caldwell,838,63,7.52,11301,6025,999,62.15,13.49,69,1.7,22,5.64,10072,8652,5630,10,0.088487744,81,0.71675073,1133,10.02566145,654,5.787098487,9761,86.37288736,1,0.008848774,489,4.327050703,9136,962,6181,1993,22-Suburb: Mid-size,22
150,Camden,125,14,11.2,1863,472,137,32.69,14.9,18,2.84,13,23.55,9395,8870,5265,6,0.322061192,25,1.341921632,65,3.488996243,223,11.96994096,1527,81.96457327,3,0.161030596,95,5.099302201,9175,785,6868,1522,41-Rural: Fringe,41
160,Carteret,650,85,13.08,8297,3291,579,46.64,12.76,93,3.3,34,12.52,10012,9210,5882,43,0.518259612,95,1.144992166,684,8.243943594,568,6.845847897,6658,80.245872,21,0.253103531,455,5.483909847,9693,890,5655,3147,41-Rural: Fringe,41
170,Caswell,195,33,16.92,2716,1574,129,62.7,13.93,38,4.46,9,11.07,9497,9177,5497,10,0.368188513,7,0.257731959,179,6.590574374,1062,39.10162003,1473,54.23416789,0,0,86,3.166421208,9554,1203,6956,1395,42-Rural: Distant,42
180,Catawba,1050,124,11.81,16579,7324,1303,52.04,15.79,110,2.01,63,11.92,9005,8421,5329,27,0.162856626,1110,6.695216841,2426,14.63296942,918,5.537125279,11694,70.53501417,7,0.042222088,697,4.204113638,8517,1032,5444,2041,41-Rural: Fringe,41
681,Chapel Hill-Carrboro,942,175,18.58,12067,2943,423,27.89,12.81,25,0.67,60,16.55,12390,11423,7425,45,0.372917875,1832,15.18190105,1817,15.05759509,1326,10.98864672,6325,52.41567912,6,0.049722383,739,6.124140217,12093,768,5120,6205,13-City: Small,13
600,Charlotte-Mecklenburg,8609,1420,16.49,142647,62665,4182,46.86,16.57,996,2.33,794,19.05,10198,8660,5541,686,0.480907415,8366,5.864827161,30493,21.3765449,58887,41.28162527,43653,30.60211571,161,0.112866026,3390,2.376495825,9260,1051,5108,3101,11-City: Large,11
190,Chatham,588,75,12.76,8330,3936,508,53.35,14.17,54,2.11,48,19.31,10606,9401,5915,25,0.300120048,90,1.080432173,2640,31.69267707,1050,12.60504202,4468,53.63745498,1,0.012004802,342,4.105642257,10509,859,5495,4155,41-Rural: Fringe,41
220,Clay,99,11,11.11,1278,647,102,58.61,12.91,8,2.05,0,0,10497,10122,6042,5,0.391236307,5,0.391236307,68,5.320813772,11,0.860719875,1256,98.27856025,1,0.078247261,16,1.251956182,10212,885,7722,1605,43-Rural: Remote,43
230,Cleveland,1115,144,12.91,15010,9129,923,66.97,13.46,116,2.35,71,15.08,9329,9036,5714,14,0.093271153,118,0.786142572,818,5.4497002,4184,27.87475017,9778,65.14323784,2,0.01332445,700,4.663557628,9021,1343,5820,1858,31-Town: Fringe,31
821,Clinton City,210,35,16.67,3046,2078,206,74.98,14.5,9,1.05,7,7.89,8592,8398,5012,100,3.282994091,30,0.984898227,782,25.67301379,1222,40.11818779,931,30.56467498,1,0.032829941,110,3.6112935,8703,1242,5554,1907,41-Rural: Fringe,41
240,Columbus,397,68,17.13,5960,3803,100,65.49,15.01,40,1.97,10,5.08,9483,9092,5430,343,5.755033557,5,0.083892617,610,10.23489933,1966,32.98657718,3285,55.11744966,3,0.05033557,85,1.426174497,9462,1716,6522,1224,42-Rural: Distant,42
250,Craven,948,167,17.62,13693,6608,1251,57.39,14.44,98,2.27,28,6.81,8462,8141,5077,41,0.299423063,586,4.279558899,1357,9.910173081,4252,31.05236252,7518,54.90396553,42,0.306726064,721,5.265464106,8158,1193,5335,1630,41-Rural: Fringe,41
260,Cumberland,3650,641,17.56,49860,27982,3839,63.82,13.66,336,2.07,232,14.97,8710,8275,5240,957,1.919374248,950,1.905334938,6168,12.37063779,23365,46.86121139,16312,32.71560369,241,0.483353389,3611,7.242278379,8321,1195,5223,1903,12-City: Mid-size,12
270,Currituck,254,32,12.6,3853,1192,259,37.66,15.17,14,1.13,17,13.38,9487,9113,5202,7,0.181676616,18,0.46716844,195,5.060991435,220,5.709836491,3156,81.91019984,4,0.103815209,318,8.25330911,9437,689,5829,2920,42-Rural: Distant,42
280,Dare,396,39,9.85,4921,1797,369,44.02,12.43,19,1.29,16,11.2,12397,10757,6558,10,0.20321073,47,0.955090429,689,14.00121926,123,2.499491973,4037,82.03617151,4,0.081284292,176,3.57650884,11441,613,5839,4989,33-Town: Remote,33
290,Davidson,1204,112,9.3,19459,8067,1219,47.72,16.16,169,2.62,97,15.86,8183,7610,4742,72,0.370008736,243,1.248779485,1507,7.744488412,677,3.479109923,16930,87.00344314,11,0.056529112,414,2.127550234,7788,719,5411,1658,41-Rural: Fringe,41
300,Davie,436,57,13.07,6295,2506,387,45.96,14.44,69,3.4,22,11.59,9595,8665,5624,15,0.238284353,50,0.794281176,805,12.78792693,366,5.814138205,4856,77.14058777,3,0.047656871,243,3.860206513,8814,861,5875,2078,41-Rural: Fringe,41
310,Duplin,643,92,14.31,6295,2506,387,45.96,9.79,65,2.19,28,9.81,8865,8507,5306,77,1.22319301,27,0.428911835,3965,62.98649722,2405,38.20492454,3466,55.05957109,19,0.301826847,174,2.764098491,8713,1399,5916,1398,42-Rural: Distant,42
320,Durham,2389,488,20.43,9703,6786,702,77.17,4.06,282,2.67,190,18.53,11527,10434,6365,150,1.545913635,817,8.420076265,9380,96.67113264,16530,170.3596826,6321,65.14480058,34,0.350407091,940,9.687725446,10718,1228,5604,3886,12-City: Mid-size,12
210,Edenton-Chowan,164,34,20.73,2176,1262,146,64.71,13.27,18,2.66,5,8.55,10811,10549,5650,4,0.183823529,11,0.505514706,131,6.020220588,990,45.49632353,1056,48.52941176,1,0.045955882,70,3.216911765,10569,1098,7666,1805,42-Rural: Distant,42
330,Edgecombe,394,95,24.11,33160,19075,1616,62.4,84.16,83,4.33,20,11.12,9975,9545,5456,7,0.021109771,5,0.015078408,625,1.884800965,3417,10.30458384,1848,5.572979493,4,0.012062726,110,0.33172497,9592,1573,6645,1373,42-Rural: Distant,42
861,Elkin,88,7,7.95,1219,449,75,42.99,13.85,6,1.5,5,12.92,9692,9446,6165,0,0,8,0.656275636,226,18.53978671,53,4.347826087,922,75.63576702,0,0,43,3.527481542,9593,812,6467,2315,32-Town: Distant,32
340,Forsyth/Winston Schools,3826,472,12.34,5854,3781,16,64.86,1.53,483,2.84,143,8.73,9398,8706,5808,131,2.237786129,1285,21.95080287,12987,221.8483088,15670,267.6802187,22547,385.1554493,55,0.939528528,2087,35.65083703,8712,1152,5198,2362,12-City: Mid-size,12
350,Franklin,579,106,18.31,53336,25563,2229,52.11,92.12,128,4.71,31,11.99,9578,8649,5217,35,0.065621719,40,0.07499625,1400,2.624868757,2696,5.054747263,4262,7.990850457,6,0.011249438,272,0.509974501,9114,1031,6041,2042,41-Rural: Fringe,41
360,Gaston,1906,247,12.96,8416,4465,342,57.12,4.42,204,2.02,83,8.5,8674,8018,4910,67,0.796102662,478,5.679657795,3550,42.18155894,6734,80.01425856,19835,235.6820342,23,0.273288973,1267,15.05465779,8158,1064,5343,1751,22-Suburb: Mid-size,22
370,Gates,131,12,9.16,31182,16057,1460,56.18,238.03,14,2.53,6,12,11580,10920,5881,8,0.025655827,1,0.003206978,25,0.08017446,610,1.956256815,987,3.165287666,2,0.006413957,58,0.186004746,11307,1063,7840,2403,42-Rural: Distant,42
380,Graham,87,5,5.75,1633,749,177,56.71,18.77,4,1.09,7,20.35,11676,11185,6263,192,11.75750153,1,0.061236987,46,2.816901408,5,0.306184936,983,60.19595836,0,0,9,0.551132884,10796,1927,7765,1104,43-Rural: Remote,43
390,Granville,503,105,20.87,1185,690,135,69.62,2.36,91,3.23,39,15.19,9951,8449,4822,24,2.025316456,48,4.050632911,1199,101.1814346,2755,232.4894515,3878,327.257384,2,0.168776371,308,25.99156118,8929,873,5920,2136,41-Rural: Fringe,41
400,Greene,223,49,21.97,7988,4213,615,60.44,35.82,14,1.31,14,13.59,10416,10227,5989,13,0.162744116,5,0.062593891,933,11.68002003,1217,15.23535303,963,12.05558338,1,0.012518778,49,0.61342013,10250,1519,7410,1322,42-Rural: Distant,42
410,Guilford,4984,745,14.95,3134,2303,190,79.55,0.63,529,2.2,353,15.26,10426,9296,5664,382,12.18889598,4294,137.0134014,10066,321.1869815,30220,964.2629228,25522,814.3586471,137,4.371410338,2795,89.18315252,9566,1423,5335,2808,11-City: Large,11
420,Halifax,227,68,29.96,71374,35285,2534,52.99,314.42,40,4.75,8,10.62,12004,11413,6792,174,0.243786253,4,0.005604282,116,0.162524168,2648,3.710034466,136,0.190545577,7,0.009807493,36,0.050438535,12101,3303,7435,1363,42-Rural: Distant,42
430,Harnett,1370,266,19.42,936,720,0,76.92,0.68,218,3.46,81,13.48,8241,7742,4850,230,24.57264957,133,14.20940171,3868,413.2478632,5075,542.2008547,10094,1078.418803,55,5.876068376,1051,112.2863248,7914,1076,5550,1288,41-Rural: Fringe,41
440,Haywood,522,60,11.49,20099,10229,1766,59.68,38.5,80,3.43,53,23.84,9785,9009,5629,62,0.308473058,43,0.213940992,572,2.845912732,81,0.403005125,6544,32.55883377,5,0.02487686,138,0.686601323,9199,1074,5427,2698,21-Suburb: Large,21
450,Henderson,921,121,13.14,7280,3629,404,55.4,7.9,59,1.37,38,9.21,8699,8212,5462,23,0.315934066,163,2.239010989,3009,41.33241758,513,7.046703297,9461,129.9587912,66,0.906593407,508,6.978021978,8415,1026,5359,2031,21-Suburb: Large,21
460,Hertford,218,41,18.81,13537,6400,969,54.44,62.1,29,3.22,17,20.29,11077,10420,5999,22,0.162517545,23,0.169904706,94,0.694393145,2439,18.01728596,475,3.508901529,3,0.022161483,50,0.369358056,10976,1716,7623,1636,32-Town: Distant,32
181,Hickory Public,299,64,21.4,4356,2329,187,57.76,14.57,40,3.04,37,30.71,8230,8025,4973,5,0.114784206,181,4.155188246,1026,23.55371901,943,21.64830119,2025,46.48760331,2,0.045913682,298,6.841138659,8219,1102,5297,1820,13-City: Small,13
470,Hoke,549,142,25.87,2932,2033,0,69.34,5.34,53,2.22,26,11.26,8626,8164,5140,847,28.88813097,86,2.933151432,1709,58.28785812,3102,105.79809,2392,81.58253752,15,0.51159618,501,17.08731241,8338,1124,6218,997,21-Suburb: Large,21
480,Hyde,62,14,22.58,8260,4862,478,64.65,133.23,1,0.61,2,11.05,17473,16581,8461,0,0,0,0,107,1.295399516,147,1.779661017,333,4.031476998,2,0.024213075,20,0.242130751,17269,1663,12470,3136,43-Rural: Remote,43
490,Iredell-Statesville,1300,191,14.69,418,263,0,62.92,0.32,174,2.36,98,13.97,9116,8119,4965,37,8.851674641,582,139.2344498,2532,605.7416268,3000,717.7033493,14384,3441.148325,20,4.784688995,540,129.1866029,8448,1226,5130,2093,21-Suburb: Large,21
500,Jackson,250,37,14.8,5924,1877,423,38.83,23.7,39,3.25,30,25.34,10256,9508,5441,291,4.912221472,51,0.860904794,439,7.410533423,57,0.962187711,2781,46.94463201,6,0.101282917,87,1.468602296,9727,1171,5968,2587,41-Rural: Fringe,41
510,Johnston,2292,321,14.01,3676,1853,347,59.85,1.6,206,1.99,81,7.88,9610,8202,5297,144,3.917301415,239,6.501632209,7424,201.9586507,5432,147.7693145,20203,549.5919478,33,0.897714908,1076,29.27094668,8070,803,5470,1797,41-Rural: Fringe,41
520,Jones,100,17,17,34019,14403,1679,47.27,340.19,5,1.48,0,0,12614,12272,6423,2,0.005879068,5,0.014697669,119,0.349804521,480,1.410976219,573,1.684352862,1,0.002939534,31,0.091125547,12778,1708,8505,2565,42-Rural: Distant,42
132,Kannapolis,382,71,18.59,5378,3521,678,78.08,14.08,54,3.53,8,5.57,8903,8771,5737,22,0.409074005,77,1.431759018,1469,27.31498698,1594,29.6392711,2074,38.56452213,5,0.092971365,267,4.964670881,8871,1446,5296,2129,22-Suburb: Mid-size,22
530,Lee,636,118,18.55,1117,689,0,61.68,1.76,73,2.35,64,21.58,8619,8018,5185,69,6.177260519,83,7.430617726,3373,301.9695613,2157,193.1065354,4251,380.5729633,10,0.895255148,310,27.75290958,8323,1036,5493,1794,41-Rural: Fringe,41
540,Lenoir,581,75,12.91,9936,6022,716,67.81,17.1,139,4.71,46,17.22,9162,8580,5003,17,0.171095008,74,0.744766506,1129,11.36272142,4388,44.1626409,3463,34.85305958,7,0.070450886,196,1.972624799,8756,1227,6259,1270,41-Rural: Fringe,41
291,Lexington City,219,54,24.66,3022,2473,184,87.92,13.8,43,5.16,3,3.88,9899,9348,5570,14,0.463269358,154,5.095962938,1063,35.17538054,938,31.03904699,805,26.63798809,5,0.165453342,172,5.69159497,10063,1640,6058,2365,21-Suburb: Large,21
550,Lincoln,789,81,10.27,8962,4974,0,55.5,11.36,104,2.71,27,7.47,8933,7871,4774,16,0.178531578,83,0.92613256,1264,14.10399464,710,7.922338764,9343,104.2512832,8,0.089265789,331,3.693372015,8058,847,5236,1974,41-Rural: Fringe,41
560,Macon,324,47,14.51,11581,4946,783,49.47,35.74,14,1.03,14,10.38,9622,8849,5352,21,0.181331491,41,0.35402815,704,6.078922373,31,0.26767982,3533,30.50686469,6,0.051808997,104,0.898022623,9353,1136,5945,2272,41-Rural: Fringe,41
570,Madison,191,16,8.38,4177,2336,439,66.44,21.87,36,4.03,11,13.75,10246,9485,5712,7,0.167584391,9,0.215465645,80,1.91525018,12,0.287287527,2350,56.26047402,1,0.023940627,30,0.718218817,10354,1125,7299,1930,42-Rural: Distant,42
580,Martin,259,25,9.65,3301,1963,13,59.86,12.75,26,2.86,10,11.72,11396,10344,6106,4,0.121175401,27,0.817933959,251,7.603756437,1768,53.55952742,1300,39.38200545,0,0,91,2.756740382,10830,1442,7220,2168,42-Rural: Distant,42
590,McDowell,439,48,10.93,6255,3908,238,66.28,14.25,86,4.2,19,9.97,9982,9156,5962,28,0.447641886,60,0.959232614,738,11.79856115,183,2.925659472,5105,81.61470823,4,0.063948841,220,3.517186251,9498,1132,6677,1689,41-Rural: Fringe,41
610,Mitchell,148,16,10.81,1930,925,199,58.24,13.04,18,2.68,10,15.97,10677,10444,6315,1,0.051813472,16,0.829015544,162,8.393782383,6,0.310880829,1748,90.56994819,1,0.051813472,20,1.03626943,10688,1098,7565,2025,42-Rural: Distant,42
620,Montgomery,283,39,13.78,4008,2736,357,77.17,14.16,22,1.73,15,12.37,10467,10054,5966,7,0.174650699,79,1.971057884,1393,34.75548902,844,21.05788423,1765,44.03692615,15,0.374251497,91,2.270459082,10061,2026,6385,1649,41-Rural: Fringe,41
630,Moore,833,144,17.29,12802,5148,642,45.23,15.37,57,1.36,52,12.59,8921,8566,5299,158,1.234182159,148,1.156069364,1630,12.73238556,2216,17.30979534,8437,65.90376504,14,0.109357913,400,3.124511795,8562,959,5299,2303,42-Rural: Distant,42
491,Mooresville Graded,354,42,11.86,20711,7650,1506,44.21,58.51,30,1.65,11,5.96,8980,8304,5187,11,0.053111873,134,0.646999179,573,2.766645744,921,4.446912269,4140,19.98937763,11,0.053111873,264,1.27468495,8894,662,5071,3161,21-Suburb: Large,21
862,Mount Airy City,120,17,14.17,1612,966,79,64.83,13.43,9,1.66,1,1.89,10047,9632,5817,0,0,22,1.364764268,303,18.79652605,142,8.808933002,1129,70.03722084,0,0,69,4.280397022,10059,1201,6328,2531,32-Town: Distant,32
640,Nash-Rocky Mount,947,174,18.37,15703,9463,1082,67.15,16.58,150,2.94,47,9.79,9012,8686,5369,85,0.541297841,117,0.745080558,1859,11.8385022,8215,52.3148443,5335,33.9743998,12,0.076418519,528,3.362414825,8732,1144,5792,1796,41-Rural: Fringe,41
650,New Hanover,1686,212,12.57,25667,11176,1312,48.65,15.22,231,2.82,127,15.99,10036,9110,5509,100,0.38960533,402,1.566213426,2987,11.6375112,5565,21.6815366,16046,62.51607122,38,0.148050025,993,3.868780925,9728,1079,5495,3155,12-City: Mid-size,12
182,Newton Conover,205,37,18.05,3125,1806,274,66.56,15.24,2,0.19,11,10.68,9557,8649,5585,5,0.16,186,5.952,786,25.152,437,13.984,1611,51.552,2,0.064,199,6.368,9033,1012,5371,2650,22-Suburb: Mid-size,22
660,Northampton,155,52,33.55,1992,1500,0,75.3,12.85,13,2.42,10,20.49,11925,11256,6125,13,0.652610442,13,0.652610442,69,3.463855422,1627,81.67670683,330,16.56626506,1,0.050200803,57,2.861445783,11973,2014,8033,1926,42-Rural: Distant,42
670,Onslow,1589,246,15.48,25314,9520,2187,46.25,15.93,122,1.68,75,10.49,8543,7981,5003,150,0.592557478,318,1.256221854,3232,12.76763846,4962,19.60180137,15208,60.07742751,115,0.454294067,1839,7.264754681,7858,1089,5142,1627,13-City: Small,13
680,Orange,559,90,16.1,7454,2946,319,43.8,13.33,52,2.04,13,5.35,11635,10201,6342,30,0.402468473,72,0.965924336,1386,18.59404347,1207,16.19264824,4608,61.8191575,6,0.080493695,256,3.434397639,10986,825,5740,4420,21-Suburb: Large,21
690,Pamlico,104,17,16.35,1273,566,0,44.46,12.24,16,3.26,3,6.85,12285,11704,6212,8,0.628436764,8,0.628436764,80,6.284367636,303,23.80204242,840,65.98586017,1,0.078554595,66,5.184603299,12572,1328,8350,2894,42-Rural: Distant,42
700,Pasquotank-Elizabeth Public Schools,389,68,17.48,5744,3311,532,66.9,14.77,21,1.24,18,10.96,9402,8822,5001,17,0.295961003,56,0.974930362,388,6.754874652,2611,45.45612813,2611,45.45612813,5,0.087047354,248,4.317548747,9045,1158,5982,1905,41-Rural: Fringe,41
710,Pender,532,78,14.66,8808,4304,593,55.6,16.56,52,1.84,41,14.93,8924,8292,5036,41,0.465485922,49,0.556312443,1144,12.98819255,1468,16.66666667,6137,69.67529519,7,0.079473206,239,2.713442325,8573,1073,5497,2003,41-Rural: Fringe,41
720,Perquimans,121,25,20.66,1718,959,132,63.5,14.2,12,2.25,6,11.72,11068,10386,5648,2,0.116414435,7,0.407450524,53,3.084982538,512,29.80209546,1133,65.94877765,0,0,55,3.201396973,10674,1531,7313,1830,42-Rural: Distant,42
730,Person,311,62,19.94,4584,2459,164,57.22,14.74,74,5.2,19,14.2,9525,9079,5613,27,0.589005236,14,0.305410122,411,8.965968586,1637,35.71116928,2379,51.89790576,4,0.087260035,199,4.341186736,9717,1093,6035,2589,42-Rural: Distant,42
740,Pitt,1638,286,17.46,23613,12966,979,59.06,14.42,195,2.67,65,9.14,8863,8325,5514,51,0.215982721,345,1.461059586,2667,11.29462584,11687,49.49392284,8733,36.98386482,14,0.059289374,808,3.4218439,8483,1124,5549,1809,13-City: Small,13
750,Polk,189,22,11.64,2185,1044,101,52.4,11.56,15,2.01,0,0,12178,11490,6965,5,0.228832952,6,0.274599542,303,13.86727689,129,5.90389016,1850,84.66819222,0,0,87,3.981693364,11676,1307,7039,3331,42-Rural: Distant,42
760,Randolph,1193,153,12.82,17766,9046,1292,58.19,14.89,104,1.82,76,13.96,9009,8392,5230,10288,57.90836429,146,0.821794439,3409,19.18833727,6036,33.97500844,3346,18.83372734,24,0.135089497,841,4.733761117,9046,1899,6213,933,32-Town: Distant,32
770,Richmond,497,97,19.52,7494,4668,155,64.36,15.08,73,3.03,15,6.74,8405,7836,4882,99,1.321056845,244,3.255938084,2916,38.9111289,668,8.913797705,13593,181.3851081,8,0.106752068,550,7.339204697,8160,981,5704,1475,41-Rural: Fringe,41
421,Roanoke Rapids City,190,28,14.74,2939,2455,0,83.53,15.47,43,4.44,9,9.7,9213,8670,5279,297,10.10547805,47,1.599183396,825,28.07077237,2841,96.66553249,3453,117.4889418,8,0.272201429,270,9.186798231,8976,1455,6219,1302,32-Town: Distant,32
780,Robeson,1511,240,15.88,23320,14575,17,62.57,15.43,160,2.22,160,23.35,9093,8763,5439,11,0.047169811,59,0.253001715,145,0.621783877,798,3.421955403,1937,8.306174957,4,0.017152659,74,0.317324185,9241,1148,6067,2026,32-Town: Distant,32
790,Rockingham,881,93,10.56,12807,5512,0,43.04,14.54,157,3.67,43,10.73,8856,8562,5034,42,0.327945655,74,0.577809011,1630,12.7274147,2563,20.01249317,8161,63.722964,12,0.093698758,659,5.145623487,8768,1171,5870,1727,41-Rural: Fringe,41
800,Rowan-Salisbury,1300,183,14.08,19788,11046,1442,63.11,15.22,158,2.52,126,21.34,8664,8200,4978,69,0.34869618,228,1.152213463,2960,14.95856074,3735,18.8750758,12461,62.97250859,24,0.121285628,634,3.203961997,8556,1066,5494,1996,41-Rural: Fringe,41
810,Rutherford,556,51,9.17,8301,4596,0,55.37,14.93,87,3.16,33,12.83,9557,9263,5574,32,0.385495723,36,0.433682689,603,7.264185038,1094,13.17913504,6299,75.8824238,3,0.036140224,537,6.469100108,9530,1588,6171,1771,41-Rural: Fringe,41
820,Sampson,570,61,10.7,8465,5678,697,75.31,14.85,108,4,25,9.72,9037,8502,5214,72,0.850561134,21,0.248080331,3114,36.78676905,1698,20.05906675,3546,41.89013585,10,0.118133491,302,3.567631424,8461,1246,5973,1243,42-Rural: Distant,42
830,Scotland,432,82,18.98,5924,3666,0,61.88,13.71,97,4.98,12,7.01,10430,10151,5994,959,16.18838623,56,0.945307225,164,2.76839973,2817,47.55232951,1900,32.0729237,3,0.050641458,248,4.186360567,10284,1562,6788,1934,32-Town: Distant,32
840,Stanly,607,71,11.7,8592,4040,713,55.32,14.15,73,2.79,39,15.29,8697,8306,5446,26,0.302607076,275,3.200651769,663,7.716480447,1149,13.37290503,6236,72.57914339,5,0.058193669,339,3.945530726,8383,954,5867,1563,42-Rural: Distant,42
850,Stokes,471,57,12.1,6334,2746,580,52.51,13.45,69,3,22,10.78,9875,9085,5380,15,0.236817177,23,0.363119672,304,4.79949479,209,3.299652668,5806,91.66403536,7,0.110514683,199,3.14177455,9220,1044,6247,1930,41-Rural: Fringe,41
860,Surry,543,52,9.58,8218,4572,749,64.75,15.13,56,2.03,33,12.7,7211,6965,4508,10,0.121684108,36,0.438062789,1858,22.60890728,190,2.311998053,6176,75.15210514,7,0.085178876,175,2.129471891,6999,0,5846,1153,42-Rural: Distant,42
870,Swain,139,16,11.51,1861,967,237,64.7,13.39,29,4.52,8,14.11,11737,10244,5890,488,26.22246104,11,0.591080064,103,5.534658786,28,1.504567437,1379,74.09994627,2,0.107469103,89,4.782375067,10635,2355,6942,1339,42-Rural: Distant,42
292,Thomasville City,168,36,21.43,2375,1451,0,61.09,14.14,38,5.15,5,7.24,10358,9779,5655,15,0.631578947,21,0.884210526,760,32,920,38.73684211,596,25.09473684,3,0.126315789,148,6.231578947,10170,2147,5812,2212,22-Suburb: Mid-size,22
880,Transylvania,273,44,16.12,3466,1751,274,58.42,12.7,38,3.13,12,10.43,11026,10310,6408,9,0.25966532,22,0.63473745,222,6.4050779,177,5.106751298,2940,84.82400462,9,0.25966532,174,5.020196192,10879,1309,5936,3634,31-Town: Fringe,31
890,Tyrrell,49,5,10.2,573,400,62,80.63,11.69,4,2.34,1,6.25,14980,14581,7625,1,0.17452007,17,2.966841187,97,16.92844677,199,34.72949389,234,40.83769634,1,0.17452007,45,7.853403141,14938,1663,11576,1699,43-Rural: Remote,43
900,Union,2567,401,15.62,41296,12919,2071,36.3,16.09,127,0.99,119,9.01,9430,8169,5075,109,0.263948082,1069,2.588628439,6607,15.99912824,5401,13.07874855,27377,66.29455637,21,0.050852383,1066,2.581363812,8615,573,5232,2810,21-Suburb: Large,21
910,Vance,486,92,18.93,6449,4676,0,72.51,13.27,68,3.22,27,14.35,9595,9287,5679,5,0.0775314,56,0.868351682,918,14.23476508,4277,66.32035975,1403,21.7553109,2,0.03101256,168,2.605055047,9487,1586,6496,1405,32-Town: Distant,32
920,Wake,10144,1355,13.36,152089,48406,7439,36.72,14.99,1019,2.15,530,11.3,9803,8205,5379,510,0.335329971,11036,7.256277574,25683,16.88682285,37759,24.82691056,74702,49.11729316,175,0.115064206,5955,3.915470547,8366,673,5245,2448,21-Suburb: Large,21
930,Warren,163,49,30.06,2300,1532,0,66.61,14.11,43,5.43,15,21.55,11238,10616,6160,164,7.130434783,9,0.391304348,181,7.869565217,1632,70.95652174,434,18.86956522,1,0.043478261,42,1.826086957,11157,1924,7079,2154,43-Rural: Remote,43
940,Washington,113,35,30.97,1589,1107,0,69.67,14.06,5,1.08,0,0,11658,11305,5829,3,0.188797986,6,0.377595972,138,8.684707363,1183,74.44933921,332,20.8936438,0,0,26,1.636249213,11915,2703,7722,1490,41-Rural: Fringe,41
950,Watauga,355,52,14.65,4298,1386,339,40.13,12.11,23,1.66,44,33.36,10932,9957,6364,5,0.116333178,53,1.233131689,360,8.375988832,51,1.186598418,3820,88.87854816,3,0.069799907,114,2.652396463,10095,808,6001,3286,42-Rural: Distant,42
960,Wayne,1218,142,11.66,18773,10262,918,59.55,15.41,156,2.67,35,6.28,8410,7969,5392,42,0.223725563,214,1.139935013,3814,20.31641187,6800,36.22223406,7553,40.2333138,21,0.111862782,805,4.288073297,8357,1190,5919,1249,41-Rural: Fringe,41
422,Weldon City,74,13,17.57,2907,1660,198,63.91,39.28,13,3.65,4,11.9,13763,13031,6944,1,0.034399725,6,0.206398349,9,0.309597523,936,32.19814241,34,1.169590643,0,0,11,0.378396973,13428,2544,7903,2982,32-Town: Distant,32
241,Whiteville City,163,19,11.66,2187,1275,0,58.3,13.42,19,2.51,5,7.05,10032,9524,6012,28,1.280292638,10,0.457247371,225,10.28806584,969,44.30727023,960,43.8957476,1,0.045724737,104,4.755372657,9795,1827,6409,1559,32-Town: Distant,32
970,Wilkes,631,63,9.98,9777,4835,0,49.45,15.49,85,2.68,55,18.39,9360,8580,5157,30,0.30684259,37,0.378439194,1370,14.01247827,431,4.408305206,8090,82.74521837,2,0.020456173,308,3.150250588,8837,1250,5881,1706,41-Rural: Fringe,41
980,Wilson,747,124,16.6,12216,6421,465,56.37,16.35,122,3.1,41,11,8813,8223,4876,25,0.20464964,165,1.350687623,2164,17.71447282,5606,45.89063523,4076,33.36607728,8,0.065487885,342,2.799607073,8671,1154,5529,1989,42-Rural: Distant,42
990,Yadkin,377,33,8.75,5378,2634,487,58.03,14.27,21,1.17,16,9.21,9021,10078,5336,19,0.353291186,20,0.371885459,1278,23.76348085,172,3.19821495,4042,75.15805132,10,0.18594273,101,1.878021569,8588,1032,6052,1504,42-Rural: Distant,42
995,Yancey,171,10,5.85,2215,1037,222,56.84,12.95,11,1.61,13,18.81,10416,,5803,5,0.225733634,1,0.045146727,276,12.46049661,15,0.677200903,1915,86.45598194,0,0,23,1.038374718,10149,1254,7051,1844,42-Rural: Distant,42